-- phpMyAdmin SQL Dump
-- version 4.9.5deb2
-- https://www.phpmyadmin.net/
--
-- Hôte : localhost:3306
-- Généré le : jeu. 02 sep. 2021 à 12:27
-- Version du serveur :  8.0.26
-- Version de PHP : 7.4.3

SET SQL_MODE = "NO_AUTO_VALUE_ON_ZERO";
SET AUTOCOMMIT = 0;
START TRANSACTION;
SET time_zone = "+00:00";


/*!40101 SET @OLD_CHARACTER_SET_CLIENT=@@CHARACTER_SET_CLIENT */;
/*!40101 SET @OLD_CHARACTER_SET_RESULTS=@@CHARACTER_SET_RESULTS */;
/*!40101 SET @OLD_COLLATION_CONNECTION=@@COLLATION_CONNECTION */;
/*!40101 SET NAMES utf8mb4 */;

--
-- Base de données : `projectil_sogepress`
--

--
-- Déchargement des données de la table `naf_classes`
--

INSERT INTO `naf_classes` (`id`, `naf_groupe_id`, `libelle`, `code`) VALUES
(1, 1, 'Culture de céréales (à l\'exception du riz), de légumineuses et de graines oléagineuses', '01.11'),
(2, 1, 'Culture du riz', '01.12'),
(3, 1, 'Culture de légumes, de melons, de racines et de tubercules', '01.13'),
(4, 1, 'Culture de la canne à sucre', '01.14'),
(5, 1, 'Culture du tabac', '01.15'),
(6, 1, 'Culture de plantes à fibres', '01.16'),
(7, 1, 'Autres cultures non permanentes', '01.19'),
(8, 2, 'Culture de la vigne', '01.21'),
(9, 2, 'Culture de fruits tropicaux et subtropicaux', '01.22'),
(10, 2, 'Culture d\'agrumes', '01.23'),
(11, 2, 'Culture de fruits à pépins et à noyau', '01.24'),
(12, 2, 'Culture d\'autres fruits d\'arbres ou d\'arbustes et de fruits à coque', '01.25'),
(13, 2, 'Culture de fruits oléagineux', '01.26'),
(14, 2, 'Culture de plantes à boissons', '01.27'),
(15, 2, 'Culture de plantes à épices, aromatiques, médicinales et pharmaceutiques', '01.28'),
(16, 2, 'Autres cultures permanentes', '01.29'),
(17, 3, 'Reproduction de plantes', '01.30'),
(18, 4, 'Élevage de vaches laitières', '01.41'),
(19, 4, 'Élevage d\'autres bovins et de buffles', '01.42'),
(20, 4, 'Élevage de chevaux et d\'autres équidés', '01.43'),
(21, 4, 'Élevage de chameaux et d\'autres camélidés', '01.44'),
(22, 4, 'Élevage d\'ovins et de caprins', '01.45'),
(23, 4, 'Élevage de porcins', '01.46'),
(24, 4, 'Élevage de volailles', '01.47'),
(25, 4, 'Élevage d\'autres animaux', '01.49'),
(26, 5, 'Culture et élevage associés', '01.50'),
(27, 6, 'Activités de soutien aux cultures', '01.61'),
(28, 6, 'Activités de soutien à la production animale', '01.62'),
(29, 6, 'Traitement primaire des récoltes', '01.63'),
(30, 6, 'Traitement des semences', '01.64'),
(31, 7, 'Chasse, piégeage et services annexes', '01.70'),
(32, 8, 'Sylviculture et autres activités forestières', '02.10'),
(33, 9, 'Exploitation forestière', '02.20'),
(34, 10, 'Récolte de produits forestiers non ligneux poussant à l\'état sauvage', '02.30'),
(35, 11, 'Services de soutien à l\'exploitation forestière', '02.40'),
(36, 12, 'Pêche en mer', '03.11'),
(37, 12, 'Pêche en eau douce', '03.12'),
(38, 13, 'Aquaculture en mer', '03.21'),
(39, 13, 'Aquaculture en eau douce', '03.22'),
(40, 14, 'Extraction de houille', '05.10'),
(41, 15, 'Extraction de lignite', '05.20'),
(42, 16, 'Extraction de pétrole brut', '06.10'),
(43, 17, 'Extraction de gaz naturel', '06.20'),
(44, 18, 'Extraction de minerais de fer', '07.10'),
(45, 19, 'Extraction de minerais d\'uranium et de thorium', '07.21'),
(46, 19, 'Extraction d\'autres minerais de métaux non ferreux', '07.29'),
(47, 20, 'Extraction de pierres ornementales et de construction, de calcaire industriel, de gypse, de craie et d\'ardoise', '08.11'),
(48, 20, 'Exploitation de gravières et sablières, extraction d\'argiles et de kaolin', '08.12'),
(49, 21, 'Extraction des minéraux chimiques et d\'engrais minéraux', '08.91'),
(50, 21, 'Extraction de tourbe', '08.92'),
(51, 21, 'Production de sel', '08.93'),
(52, 21, 'Autres activités extractives n.c.a.', '08.99'),
(53, 22, 'Activités de soutien à l\'extraction d\'hydrocarbures', '09.10'),
(54, 23, 'Activités de soutien aux autres industries extractives', '09.90'),
(55, 24, 'Transformation et conservation de la viande de boucherie', '10.11'),
(56, 24, 'Transformation et conservation de la viande de volaille', '10.12'),
(57, 24, 'Préparation de produits à base de viande', '10.13'),
(58, 25, 'Transformation et conservation de poisson, de crustacés et de mollusques', '10.20'),
(59, 26, 'Transformation et conservation de pommes de terre', '10.31'),
(60, 26, 'Préparation de jus de fruits et légumes', '10.32'),
(61, 26, 'Autre transformation et conservation de fruits et légumes', '10.39'),
(62, 27, 'Fabrication d\'huiles et graisses', '10.41'),
(63, 27, 'Fabrication de margarine et graisses comestibles similaires', '10.42'),
(64, 28, 'Exploitation de laiteries et fabrication de fromage', '10.51'),
(65, 28, 'Fabrication de glaces et sorbets', '10.52'),
(66, 29, 'Travail des grains', '10.61'),
(67, 29, 'Fabrication de produits amylacés', '10.62'),
(68, 30, 'Fabrication de pain et de pâtisserie fraîche', '10.71'),
(69, 30, 'Fabrication de biscuits, biscottes et pâtisseries de conservation', '10.72'),
(70, 30, 'Fabrication de pâtes alimentaires', '10.73'),
(71, 31, 'Fabrication de sucre', '10.81'),
(72, 31, 'Fabrication de cacao, chocolat et de produits de confiserie', '10.82'),
(73, 31, 'Transformation du thé et du café', '10.83'),
(74, 31, 'Fabrication de condiments et assaisonnements', '10.84'),
(75, 31, 'Fabrication de plats préparés', '10.85'),
(76, 31, 'Fabrication d\'aliments homogénéisés et diététiques', '10.86'),
(77, 31, 'Fabrication d\'autres produits alimentaires n.c.a.', '10.89'),
(78, 32, 'Fabrication d\'aliments pour animaux de ferme', '10.91'),
(79, 32, 'Fabrication d\'aliments pour animaux de compagnie', '10.92'),
(80, 33, 'Production de boissons alcooliques distillées', '11.01'),
(81, 33, 'Production de vin (de raisin)', '11.02'),
(82, 33, 'Fabrication de cidre et de vins de fruits', '11.03'),
(83, 33, 'Production d\'autres boissons fermentées non distillées', '11.04'),
(84, 33, 'Fabrication de bière', '11.05'),
(85, 33, 'Fabrication de malt', '11.06'),
(86, 33, 'Industrie des eaux minérales et autres eaux embouteillées et des boissons rafraîchissantes', '11.07'),
(87, 34, 'Fabrication de produits à base de tabac', '12.00'),
(88, 35, 'Préparation de fibres textiles et filature', '13.10'),
(89, 36, 'Tissage', '13.20'),
(90, 37, 'Ennoblissement textile', '13.30'),
(91, 38, 'Fabrication d\'étoffes à mailles', '13.91'),
(92, 38, 'Fabrication d\'articles textiles, sauf habillement', '13.92'),
(93, 38, 'Fabrication de tapis et moquettes', '13.93'),
(94, 38, 'Fabrication de ficelles, cordes et filets', '13.94'),
(95, 38, 'Fabrication de non-tissés, sauf habillement', '13.95'),
(96, 38, 'Fabrication d\'autres textiles techniques et industriels', '13.96'),
(97, 38, 'Fabrication d\'autres textiles n.c.a.', '13.99'),
(98, 39, 'Fabrication de vêtements en cuir', '14.11'),
(99, 39, 'Fabrication de vêtements de travail', '14.12'),
(100, 39, 'Fabrication de vêtements de dessus', '14.13'),
(101, 39, 'Fabrication de vêtements de dessous', '14.14'),
(102, 39, 'Fabrication d\'autres vêtements et accessoires', '14.19'),
(103, 40, 'Fabrication d\'articles en fourrure', '14.20'),
(104, 41, 'Fabrication d\'articles chaussants à mailles', '14.31'),
(105, 41, 'Fabrication d\'autres articles à mailles', '14.39'),
(106, 42, 'Apprêt et tannage des cuirs ; préparation et teinture des fourrures', '15.11'),
(107, 42, 'Fabrication d\'articles de voyage, de maroquinerie et de sellerie', '15.12'),
(108, 43, 'Fabrication de chaussures', '15.20'),
(109, 44, 'Sciage et rabotage du bois', '16.10'),
(110, 45, 'Fabrication de placage et de panneaux de bois', '16.21'),
(111, 45, 'Fabrication de parquets assemblés', '16.22'),
(112, 45, 'Fabrication de charpentes et d\'autres menuiseries', '16.23'),
(113, 45, 'Fabrication d\'emballages en bois', '16.24'),
(114, 45, 'Fabrication d\'objets divers en bois ; fabrication d\'objets en liège, vannerie et sparterie', '16.29'),
(115, 46, 'Fabrication de pâte à papier', '17.11'),
(116, 46, 'Fabrication de papier et de carton', '17.12'),
(117, 47, 'Fabrication de papier et carton ondulés et d\'emballages en papier ou en carton', '17.21'),
(118, 47, 'Fabrication d\'articles en papier à usage sanitaire ou domestique', '17.22'),
(119, 47, 'Fabrication d\'articles de papeterie', '17.23'),
(120, 47, 'Fabrication de papiers peints', '17.24'),
(121, 47, 'Fabrication d\'autres articles en papier ou en carton', '17.29'),
(122, 48, 'Imprimerie de journaux', '18.11'),
(123, 48, 'Autre imprimerie (labeur)', '18.12'),
(124, 48, 'Activités de pré-presse', '18.13'),
(125, 48, 'Reliure et activités connexes', '18.14'),
(126, 49, 'Reproduction d\'enregistrements', '18.20'),
(127, 50, 'Cokéfaction', '19.10'),
(128, 51, 'Raffinage du pétrole', '19.20'),
(129, 52, 'Fabrication de gaz industriels', '20.11'),
(130, 52, 'Fabrication de colorants et de pigments', '20.12'),
(131, 52, 'Fabrication d\'autres produits chimiques inorganiques de base', '20.13'),
(132, 52, 'Fabrication d\'autres produits chimiques organiques de base', '20.14'),
(133, 52, 'Fabrication de produits azotés et d\'engrais', '20.15'),
(134, 52, 'Fabrication de matières plastiques de base', '20.16'),
(135, 52, 'Fabrication de caoutchouc synthétique', '20.17'),
(136, 53, 'Fabrication de pesticides et d\'autres produits agrochimiques', '20.20'),
(137, 54, 'Fabrication de peintures, vernis, encres et mastics', '20.30'),
(138, 55, 'Fabrication de savons, détergents et produits d\'entretien', '20.41'),
(139, 55, 'Fabrication de parfums et de produits pour la toilette', '20.42'),
(140, 56, 'Fabrication de produits explosifs', '20.51'),
(141, 56, 'Fabrication de colles', '20.52'),
(142, 56, 'Fabrication d\'huiles essentielles', '20.53'),
(143, 56, 'Fabrication d\'autres produits chimiques n.c.a.', '20.59'),
(144, 57, 'Fabrication de fibres artificielles ou synthétiques', '20.60'),
(145, 58, 'Fabrication de produits pharmaceutiques de base', '21.10'),
(146, 59, 'Fabrication de préparations pharmaceutiques', '21.20'),
(147, 60, 'Fabrication et rechapage de pneumatiques', '22.11'),
(148, 60, 'Fabrication d\'autres articles en caoutchouc', '22.19'),
(149, 61, 'Fabrication de plaques, feuilles, tubes et profilés en matières plastiques', '22.21'),
(150, 61, 'Fabrication d\'emballages en matières plastiques', '22.22'),
(151, 61, 'Fabrication d\'éléments en matières plastiques pour la construction', '22.23'),
(152, 61, 'Fabrication d\'autres articles en matières plastiques', '22.29'),
(153, 62, 'Fabrication de verre plat', '23.11'),
(154, 62, 'Façonnage et transformation du verre plat', '23.12'),
(155, 62, 'Fabrication de verre creux', '23.13'),
(156, 62, 'Fabrication de fibres de verre', '23.14'),
(157, 62, 'Fabrication et façonnage d\'autres articles en verre, y compris verre technique', '23.19'),
(158, 63, 'Fabrication de produits réfractaires', '23.20'),
(159, 64, 'Fabrication de carreaux en céramique', '23.31'),
(160, 64, 'Fabrication de briques, tuiles et produits de construction, en terre cuite', '23.32'),
(161, 65, 'Fabrication d\'articles céramiques à usage domestique ou ornemental', '23.41'),
(162, 65, 'Fabrication d\'appareils sanitaires en céramique', '23.42'),
(163, 65, 'Fabrication d\'isolateurs et pièces isolantes en céramique', '23.43'),
(164, 65, 'Fabrication d\'autres produits céramiques à usage technique', '23.44'),
(165, 65, 'Fabrication d\'autres produits céramiques', '23.49'),
(166, 66, 'Fabrication de ciment', '23.51'),
(167, 66, 'Fabrication de chaux et plâtre', '23.52'),
(168, 67, 'Fabrication d\'éléments en béton pour la construction', '23.61'),
(169, 67, 'Fabrication d\'éléments en plâtre pour la construction', '23.62'),
(170, 67, 'Fabrication de béton prêt à l\'emploi', '23.63'),
(171, 67, 'Fabrication de mortiers et bétons secs', '23.64'),
(172, 67, 'Fabrication d\'ouvrages en fibre-ciment', '23.65'),
(173, 67, 'Fabrication d\'autres ouvrages en béton, en ciment ou en plâtre', '23.69'),
(174, 68, 'Taille, façonnage et finissage de pierres', '23.70'),
(175, 69, 'Fabrication de produits abrasifs', '23.91'),
(176, 69, 'Fabrication d\'autres produits minéraux non métalliques n.c.a.', '23.99'),
(177, 70, 'Sidérurgie', '24.10'),
(178, 71, 'Fabrication de tubes, tuyaux, profilés creux et accessoires correspondants en acier', '24.20'),
(179, 72, 'Étirage à froid de barres', '24.31'),
(180, 72, 'Laminage à froid de feuillards', '24.32'),
(181, 72, 'Profilage à froid par formage ou pliage', '24.33'),
(182, 72, 'Tréfilage à froid', '24.34'),
(183, 73, 'Production de métaux précieux', '24.41'),
(184, 73, 'Métallurgie de l\'aluminium', '24.42'),
(185, 73, 'Métallurgie du plomb, du zinc ou de l\'étain', '24.43'),
(186, 73, 'Métallurgie du cuivre', '24.44'),
(187, 73, 'Métallurgie des autres métaux non ferreux', '24.45'),
(188, 73, 'Élaboration et transformation de matières nucléaires', '24.46'),
(189, 74, 'Fonderie de fonte', '24.51'),
(190, 74, 'Fonderie d\'acier', '24.52'),
(191, 74, 'Fonderie de métaux légers', '24.53'),
(192, 74, 'Fonderie d\'autres métaux non ferreux', '24.54'),
(193, 75, 'Fabrication de structures métalliques et de parties de structures', '25.11'),
(194, 75, 'Fabrication de portes et fenêtres en métal', '25.12'),
(195, 76, 'Fabrication de radiateurs et de chaudières pour le chauffage central', '25.21'),
(196, 76, 'Fabrication d\'autres réservoirs, citernes et conteneurs métalliques', '25.29'),
(197, 77, 'Fabrication de générateurs de vapeur, à l\'exception des chaudières pour le chauffage central', '25.30'),
(198, 78, 'Fabrication d\'armes et de munitions', '25.40'),
(199, 79, 'Forge, emboutissage, estampage ; métallurgie des poudres', '25.50'),
(200, 80, 'Traitement et revêtement des métaux', '25.61'),
(201, 80, 'Usinage', '25.62'),
(202, 81, 'Fabrication de coutellerie', '25.71'),
(203, 81, 'Fabrication de serrures et de ferrures', '25.72'),
(204, 81, 'Fabrication d\'outillage', '25.73'),
(205, 82, 'Fabrication de fûts et emballages métalliques similaires', '25.91'),
(206, 82, 'Fabrication d\'emballages métalliques légers', '25.92'),
(207, 82, 'Fabrication d\'articles en fils métalliques, de chaînes et de ressorts', '25.93'),
(208, 82, 'Fabrication de vis et de boulons', '25.94'),
(209, 82, 'Fabrication d\'autres produits métalliques n.c.a.', '25.99'),
(210, 83, 'Fabrication de composants électroniques', '26.11'),
(211, 83, 'Fabrication de cartes électroniques assemblées', '26.12'),
(212, 84, 'Fabrication d\'ordinateurs et d\'équipements périphériques', '26.20'),
(213, 85, 'Fabrication d\'équipements de communication', '26.30'),
(214, 86, 'Fabrication de produits électroniques grand public', '26.40'),
(215, 87, 'Fabrication d\'instruments et d\'appareils de mesure, d\'essai et de navigation', '26.51'),
(216, 87, 'Horlogerie', '26.52'),
(217, 88, 'Fabrication d\'équipements d\'irradiation médicale, d\'équipements électromédicaux et électrothérapeutiques', '26.60'),
(218, 89, 'Fabrication de matériels optique et photographique', '26.70'),
(219, 90, 'Fabrication de supports magnétiques et optiques', '26.80'),
(220, 91, 'Fabrication de moteurs, génératrices et transformateurs électriques', '27.11'),
(221, 91, 'Fabrication de matériel de distribution et de commande électrique', '27.12'),
(222, 92, 'Fabrication de piles et d\'accumulateurs électriques', '27.20'),
(223, 93, 'Fabrication de câbles de fibres optiques', '27.31'),
(224, 93, 'Fabrication d\'autres fils et câbles électroniques ou électriques', '27.32'),
(225, 93, 'Fabrication de matériel d\'installation électrique', '27.33'),
(226, 94, 'Fabrication d\'appareils d\'éclairage électrique', '27.40'),
(227, 95, 'Fabrication d\'appareils électroménagers', '27.51'),
(228, 95, 'Fabrication d\'appareils ménagers non électriques', '27.52'),
(229, 96, 'Fabrication d\'autres matériels électriques', '27.90'),
(230, 97, 'Fabrication de moteurs et turbines, à l\'exception des moteurs d\'avions et de véhicules', '28.11'),
(231, 97, 'Fabrication d\'équipements hydrauliques et pneumatiques', '28.12'),
(232, 97, 'Fabrication d\'autres pompes et compresseurs', '28.13'),
(233, 97, 'Fabrication d\'autres articles de robinetterie', '28.14'),
(234, 97, 'Fabrication d\'engrenages et d\'organes mécaniques de transmission', '28.15'),
(235, 98, 'Fabrication de fours et brûleurs', '28.21'),
(236, 98, 'Fabrication de matériel de levage et de manutention', '28.22'),
(237, 98, 'Fabrication de machines et d\'équipements de bureau (à l\'exception des ordinateurs et équipements périphériques)', '28.23'),
(238, 98, 'Fabrication d\'outillage portatif à moteur incorporé', '28.24'),
(239, 98, 'Fabrication d\'équipements aérauliques et frigorifiques industriels', '28.25'),
(240, 98, 'Fabrication de machines diverses d\'usage général', '28.29'),
(241, 99, 'Fabrication de machines agricoles et forestières', '28.30'),
(242, 100, 'Fabrication de machines de formage des métaux', '28.41'),
(243, 100, 'Fabrication d\'autres machines-outils', '28.49'),
(244, 101, 'Fabrication de machines pour la métallurgie', '28.91'),
(245, 101, 'Fabrication de machines pour l\'extraction ou la construction', '28.92'),
(246, 101, 'Fabrication de machines pour l\'industrie agro-alimentaire', '28.93'),
(247, 101, 'Fabrication de machines pour les industries textiles', '28.94'),
(248, 101, 'Fabrication de machines pour les industries du papier et du carton', '28.95'),
(249, 101, 'Fabrication de machines pour le travail du caoutchouc ou des plastiques', '28.96'),
(250, 101, 'Fabrication d\'autres machines d\'usage spécifique n.c.a.', '28.99'),
(251, 102, 'Construction de véhicules automobiles', '29.10'),
(252, 103, 'Fabrication de carrosseries et remorques', '29.20'),
(253, 104, 'Fabrication d\'équipements électriques et électroniques automobiles', '29.31'),
(254, 104, 'Fabrication d\'autres équipements automobiles', '29.32'),
(255, 105, 'Construction de navires et de structures flottantes', '30.11'),
(256, 105, 'Construction de bateaux de plaisance', '30.12'),
(257, 106, 'Construction de locomotives et d\'autre matériel ferroviaire roulant', '30.20'),
(258, 107, 'Construction aéronautique et spatiale', '30.30'),
(259, 108, 'Construction de véhicules militaires de combat', '30.40'),
(260, 109, 'Fabrication de motocycles', '30.91'),
(261, 109, 'Fabrication de bicyclettes et de véhicules pour invalides', '30.92'),
(262, 109, 'Fabrication d\'autres équipements de transport n.c.a.', '30.99'),
(263, 110, 'Fabrication de meubles de bureau et de magasin', '31.01'),
(264, 110, 'Fabrication de meubles de cuisine', '31.02'),
(265, 110, 'Fabrication de matelas', '31.03'),
(266, 110, 'Fabrication d\'autres meubles', '31.09'),
(267, 111, 'Frappe de monnaie', '32.11'),
(268, 111, 'Fabrication d\'articles de joaillerie et bijouterie', '32.12'),
(269, 111, 'Fabrication d\'articles de bijouterie fantaisie et articles similaires', '32.13'),
(270, 112, 'Fabrication d\'instruments de musique', '32.20'),
(271, 113, 'Fabrication d\'articles de sport', '32.30'),
(272, 114, 'Fabrication de jeux et jouets', '32.40'),
(273, 115, 'Fabrication d\'instruments et de fournitures à usage médical et dentaire', '32.50'),
(274, 116, 'Fabrication d\'articles de brosserie', '32.91'),
(275, 116, 'Autres activités manufacturières n.c.a.', '32.99'),
(276, 117, 'Réparation d\'ouvrages en métaux', '33.11'),
(277, 117, 'Réparation de machines et équipements mécaniques', '33.12'),
(278, 117, 'Réparation de matériels électroniques et optiques', '33.13'),
(279, 117, 'Réparation d\'équipements électriques', '33.14'),
(280, 117, 'Réparation et maintenance navale', '33.15'),
(281, 117, 'Réparation et maintenance d\'aéronefs et d\'engins spatiaux', '33.16'),
(282, 117, 'Réparation et maintenance d\'autres équipements de transport', '33.17'),
(283, 117, 'Réparation d\'autres équipements', '33.19'),
(284, 118, 'Installation de machines et d\'équipements industriels', '33.20'),
(285, 119, 'Production d\'électricité', '35.11'),
(286, 119, 'Transport d\'électricité', '35.12'),
(287, 119, 'Distribution d\'électricité', '35.13'),
(288, 119, 'Commerce d\'électricité', '35.14'),
(289, 120, 'Production de combustibles gazeux', '35.21'),
(290, 120, 'Distribution de combustibles gazeux par conduites', '35.22'),
(291, 120, 'Commerce de combustibles gazeux par conduites', '35.23'),
(292, 121, 'Production et distribution de vapeur et d\'air conditionné', '35.30'),
(293, 122, 'Captage, traitement et distribution d\'eau', '36.00'),
(294, 123, 'Collecte et traitement des eaux usées', '37.00'),
(295, 124, 'Collecte des déchets non dangereux', '38.11'),
(296, 124, 'Collecte des déchets dangereux', '38.12'),
(297, 125, 'Traitement et élimination des déchets non dangereux', '38.21'),
(298, 125, 'Traitement et élimination des déchets dangereux', '38.22'),
(299, 126, 'Démantèlement d\'épaves', '38.31'),
(300, 126, 'Récupération de déchets triés', '38.32'),
(301, 127, 'Dépollution et autres services de gestion des déchets', '39.00'),
(302, 128, 'Promotion immobilière', '41.10'),
(303, 129, 'Construction de bâtiments résidentiels et non résidentiels', '41.20'),
(304, 130, 'Construction de routes et autoroutes', '42.11'),
(305, 130, 'Construction de voies ferrées de surface et souterraines', '42.12'),
(306, 130, 'Construction de ponts et tunnels', '42.13'),
(307, 131, 'Construction de réseaux pour fluides', '42.21'),
(308, 131, 'Construction de réseaux électriques et de télécommunications', '42.22'),
(309, 132, 'Construction d\'ouvrages maritimes et fluviaux', '42.91'),
(310, 132, 'Construction d\'autres ouvrages de génie civil n.c.a.', '42.99'),
(311, 133, 'Travaux de démolition', '43.11'),
(312, 133, 'Travaux de préparation des sites', '43.12'),
(313, 133, 'Forages et sondages', '43.13'),
(314, 134, 'Installation électrique', '43.21'),
(315, 134, 'Travaux de plomberie et installation de chauffage et de conditionnement d\'air', '43.22'),
(316, 134, 'Autres travaux d\'installation', '43.29'),
(317, 135, 'Travaux de plâtrerie', '43.31'),
(318, 135, 'Travaux de menuiserie', '43.32'),
(319, 135, 'Travaux de revêtement des sols et des murs', '43.33'),
(320, 135, 'Travaux de peinture et vitrerie', '43.34'),
(321, 135, 'Autres travaux de finition', '43.39'),
(322, 136, 'Travaux de couverture', '43.91'),
(323, 136, 'Autres travaux de construction spécialisés n.c.a.', '43.99'),
(324, 137, 'Commerce de voitures et de véhicules automobiles légers', '45.11'),
(325, 137, 'Commerce d\'autres véhicules automobiles', '45.19'),
(326, 138, 'Entretien et réparation de véhicules automobiles', '45.20'),
(327, 139, 'Commerce de gros d\'équipements automobiles', '45.31'),
(328, 139, 'Commerce de détail d\'équipements automobiles', '45.32'),
(329, 140, 'Commerce et réparation de motocycles', '45.40'),
(330, 141, 'Intermédiaires du commerce en matières premières agricoles, animaux vivants, matières premières textiles et produits semi-finis', '46.11'),
(331, 141, 'Intermédiaires du commerce en combustibles, métaux, minéraux et produits chimiques', '46.12'),
(332, 141, 'Intermédiaires du commerce en bois et matériaux de construction', '46.13'),
(333, 141, 'Intermédiaires du commerce en machines, équipements industriels, navires et avions', '46.14'),
(334, 141, 'Intermédiaires du commerce en meubles, articles de ménage et quincaillerie', '46.15'),
(335, 141, 'Intermédiaires du commerce en textiles, habillement, fourrures, chaussures et articles en cuir', '46.16'),
(336, 141, 'Intermédiaires du commerce en denrées, boissons et tabac', '46.17'),
(337, 141, 'Intermédiaires spécialisés dans le commerce d\'autres produits spécifiques', '46.18'),
(338, 141, 'Intermédiaires du commerce en produits divers', '46.19'),
(339, 142, 'Commerce de gros de céréales, de tabac non manufacturé, de semences et d\'aliments pour le bétail', '46.21'),
(340, 142, 'Commerce de gros de fleurs et plantes', '46.22'),
(341, 142, 'Commerce de gros d\'animaux vivants', '46.23'),
(342, 142, 'Commerce de gros de cuirs et peaux', '46.24'),
(343, 143, 'Commerce de gros de fruits et légumes', '46.31'),
(344, 143, 'Commerce de gros de viandes et de produits à base de viande', '46.32'),
(345, 143, 'Commerce de gros de produits laitiers, œufs, huiles et matières grasses comestibles', '46.33'),
(346, 143, 'Commerce de gros de boissons', '46.34'),
(347, 143, 'Commerce de gros de produits à base de tabac', '46.35'),
(348, 143, 'Commerce de gros de sucre, chocolat et confiserie', '46.36'),
(349, 143, 'Commerce de gros de café, thé, cacao et épices', '46.37'),
(350, 143, 'Commerce de gros d\'autres produits alimentaires, y compris poissons, crustacés et mollusques', '46.38'),
(351, 143, 'Commerce de gros non spécialisé de denrées, boissons et tabac', '46.39'),
(352, 144, 'Commerce de gros de textiles', '46.41'),
(353, 144, 'Commerce de gros d\'habillement et de chaussures', '46.42'),
(354, 144, 'Commerce de gros d\'appareils électroménagers', '46.43'),
(355, 144, 'Commerce de gros de vaisselle, verrerie et produits d\'entretien', '46.44'),
(356, 144, 'Commerce de gros de parfumerie et de produits de beauté', '46.45'),
(357, 144, 'Commerce de gros de produits pharmaceutiques', '46.46'),
(358, 144, 'Commerce de gros de meubles, de tapis et d\'appareils d\'éclairage', '46.47'),
(359, 144, 'Commerce de gros d\'articles d\'horlogerie et de bijouterie', '46.48'),
(360, 144, 'Commerce de gros d\'autres biens domestiques', '46.49'),
(361, 145, 'Commerce de gros d\'ordinateurs, d\'équipements informatiques périphériques et de logiciels', '46.51'),
(362, 145, 'Commerce de gros de composants et d\'équipements électroniques et de télécommunication', '46.52'),
(363, 146, 'Commerce de gros de matériel agricole', '46.61'),
(364, 146, 'Commerce de gros de machines-outils', '46.62'),
(365, 146, 'Commerce de gros de machines pour l\'extraction, la construction et le génie civil', '46.63'),
(366, 146, 'Commerce de gros de machines pour l\'industrie textile et l\'habillement', '46.64'),
(367, 146, 'Commerce de gros de mobilier de bureau', '46.65'),
(368, 146, 'Commerce de gros d\'autres machines et équipements de bureau', '46.66'),
(369, 146, 'Commerce de gros d\'autres machines et équipements', '46.69'),
(370, 147, 'Commerce de gros de combustibles et de produits annexes', '46.71'),
(371, 147, 'Commerce de gros de minerais et métaux', '46.72'),
(372, 147, 'Commerce de gros de bois, de matériaux de construction et d\'appareils sanitaires', '46.73'),
(373, 147, 'Commerce de gros de quincaillerie et fournitures pour plomberie et chauffage', '46.74'),
(374, 147, 'Commerce de gros de produits chimiques', '46.75'),
(375, 147, 'Commerce de gros d\'autres produits intermédiaires', '46.76'),
(376, 147, 'Commerce de gros de déchets et débris', '46.77'),
(377, 148, 'Commerce de gros non spécialisé', '46.90'),
(378, 149, 'Commerce de détail en magasin non spécialisé à prédominance alimentaire', '47.11'),
(379, 149, 'Autre commerce de détail en magasin non spécialisé', '47.19'),
(380, 150, 'Commerce de détail de fruits et légumes en magasin spécialisé', '47.21'),
(381, 150, 'Commerce de détail de viandes et de produits à base de viande en magasin spécialisé', '47.22'),
(382, 150, 'Commerce de détail de poissons, crustacés et mollusques en magasin spécialisé', '47.23'),
(383, 150, 'Commerce de détail de pain, pâtisserie et confiserie en magasin spécialisé', '47.24'),
(384, 150, 'Commerce de détail de boissons en magasin spécialisé', '47.25'),
(385, 150, 'Commerce de détail de produits à base de tabac en magasin spécialisé', '47.26'),
(386, 150, 'Autres commerces de détail alimentaires en magasin spécialisé', '47.29'),
(387, 151, 'Commerce de détail de carburants en magasin spécialisé', '47.30'),
(388, 152, 'Commerce de détail d\'ordinateurs, d\'unités périphériques et de logiciels en magasin spécialisé', '47.41'),
(389, 152, 'Commerce de détail de matériels de télécommunication en magasin spécialisé', '47.42'),
(390, 152, 'Commerce de détail de matériels audio/vidéo en magasin spécialisé', '47.43'),
(391, 153, 'Commerce de détail de textiles en magasin spécialisé', '47.51'),
(392, 153, 'Commerce de détail de quincaillerie, peintures et verres en magasin spécialisé', '47.52'),
(393, 153, 'Commerce de détail de tapis, moquettes et revêtements de murs et de sols en magasin spécialisé', '47.53'),
(394, 153, 'Commerce de détail d\'appareils électroménagers en magasin spécialisé', '47.54'),
(395, 153, 'Commerce de détail de meubles, appareils d\'éclairage et autres articles de ménage en magasin spécialisé', '47.59'),
(396, 154, 'Commerce de détail de livres en magasin spécialisé', '47.61'),
(397, 154, 'Commerce de détail de journaux et papeterie en magasin spécialisé', '47.62'),
(398, 154, 'Commerce de détail d\'enregistrements musicaux et vidéo en magasin spécialisé', '47.63'),
(399, 154, 'Commerce de détail d\'articles de sport en magasin spécialisé', '47.64'),
(400, 154, 'Commerce de détail de jeux et jouets en magasin spécialisé', '47.65'),
(401, 155, 'Commerce de détail d\'habillement en magasin spécialisé', '47.71'),
(402, 155, 'Commerce de détail de chaussures et d\'articles en cuir en magasin spécialisé', '47.72'),
(403, 155, 'Commerce de détail de produits pharmaceutiques en magasin spécialisé', '47.73'),
(404, 155, 'Commerce de détail d\'articles médicaux et orthopédiques en magasin spécialisé', '47.74'),
(405, 155, 'Commerce de détail de parfumerie et de produits de beauté en magasin spécialisé', '47.75'),
(406, 155, 'Commerce de détail de fleurs, plantes, graines, engrais, animaux de compagnie et aliments pour ces animaux en magasin spécialisé', '47.76'),
(407, 155, 'Commerce de détail d\'articles d\'horlogerie et de bijouterie en magasin spécialisé', '47.77'),
(408, 155, 'Autre commerce de détail de biens neufs en magasin spécialisé', '47.78'),
(409, 155, 'Commerce de détail de biens d\'occasion en magasin', '47.79'),
(410, 156, 'Commerce de détail alimentaire sur éventaires et marchés', '47.81'),
(411, 156, 'Commerce de détail de textiles, d\'habillement et de chaussures sur éventaires et marchés', '47.82'),
(412, 156, 'Autres commerces de détail sur éventaires et marchés', '47.89'),
(413, 157, 'Vente à distance', '47.91'),
(414, 157, 'Autres commerces de détail hors magasin, éventaires ou marchés', '47.99'),
(415, 158, 'Transport ferroviaire interurbain de voyageurs', '49.10'),
(416, 159, 'Transports ferroviaires de fret', '49.20'),
(417, 160, 'Transports urbains et suburbains de voyageurs', '49.31'),
(418, 160, 'Transports de voyageurs par taxis', '49.32'),
(419, 160, 'Autres transports terrestres de voyageurs n.c.a.', '49.39'),
(420, 161, 'Transports routiers de fret', '49.41'),
(421, 161, 'Services de déménagement', '49.42'),
(422, 162, 'Transports par conduites', '49.50'),
(423, 163, 'Transports maritimes et côtiers de passagers', '50.10'),
(424, 164, 'Transports maritimes et côtiers de fret', '50.20'),
(425, 165, 'Transports fluviaux de passagers', '50.30'),
(426, 166, 'Transports fluviaux de fret', '50.40'),
(427, 167, 'Transports aériens de passagers', '51.10'),
(428, 168, 'Transports aériens de fret', '51.21'),
(429, 168, 'Transports spatiaux', '51.22'),
(430, 169, 'Entreposage et stockage', '52.10'),
(431, 170, 'Services auxiliaires des transports terrestres', '52.21'),
(432, 170, 'Services auxiliaires des transports par eau', '52.22'),
(433, 170, 'Services auxiliaires des transports aériens', '52.23'),
(434, 170, 'Manutention', '52.24'),
(435, 170, 'Autres services auxiliaires des transports', '52.29'),
(436, 171, 'Activités de poste dans le cadre d\'une obligation de service universel', '53.10'),
(437, 172, 'Autres activités de poste et de courrier', '53.20'),
(438, 173, 'Hôtels et hébergement similaire', '55.10'),
(439, 174, 'Hébergement touristique et autre hébergement de courte durée', '55.20'),
(440, 175, 'Terrains de camping et parcs pour caravanes ou véhicules de loisirs', '55.30'),
(441, 176, 'Autres hébergements', '55.90'),
(442, 177, 'Restaurants et services de restauration mobile', '56.10'),
(443, 178, 'Services des traiteurs', '56.21'),
(444, 178, 'Autres services de restauration', '56.29'),
(445, 179, 'Débits de boissons', '56.30'),
(446, 180, 'Édition de livres', '58.11'),
(447, 180, 'Édition de répertoires et de fichiers d\'adresses', '58.12'),
(448, 180, 'Édition de journaux', '58.13'),
(449, 180, 'Édition de revues et périodiques', '58.14'),
(450, 180, 'Autres activités d\'édition', '58.19'),
(451, 181, 'Édition de jeux électroniques', '58.21'),
(452, 181, 'Édition d\'autres logiciels', '58.29'),
(453, 182, 'Production de films cinématographiques, de vidéo et de programmes de télévision', '59.11'),
(454, 182, 'Post-production de films cinématographiques, de vidéo et de programmes de télévision', '59.12'),
(455, 182, 'Distribution de films cinématographiques, de vidéo et de programmes de télévision', '59.13'),
(456, 182, 'Projection de films cinématographiques', '59.14'),
(457, 183, 'Enregistrement sonore et édition musicale', '59.20'),
(458, 184, 'Édition et diffusion de programmes radio', '60.10'),
(459, 185, 'Programmation de télévision et télédiffusion', '60.20'),
(460, 186, 'Télécommunications filaires', '61.10'),
(461, 187, 'Télécommunications sans fil', '61.20'),
(462, 188, 'Télécommunications par satellite', '61.30'),
(463, 189, 'Autres activités de télécommunication', '61.90'),
(464, 190, 'Programmation informatique', '62.01'),
(465, 190, 'Conseil informatique', '62.02'),
(466, 190, 'Gestion d\'installations informatiques', '62.03'),
(467, 190, 'Autres activités informatiques', '62.09'),
(468, 191, 'Traitement de données, hébergement et activités connexes', '63.11'),
(469, 191, 'Portails Internet', '63.12'),
(470, 192, 'Activités des agences de presse', '63.91'),
(471, 192, 'Autres services d\'information n.c.a.', '63.99'),
(472, 193, 'Activités de banque centrale', '64.11'),
(473, 193, 'Autres intermédiations monétaires', '64.19'),
(474, 194, 'Activités des sociétés holding', '64.20'),
(475, 195, 'Fonds de placement et entités financières similaires', '64.30'),
(476, 196, 'Crédit-bail', '64.91'),
(477, 196, 'Autre distribution de crédit', '64.92'),
(478, 196, 'Autres activités des services financiers, hors assurance et caisses de retraite, n.c.a.', '64.99'),
(479, 197, 'Assurance vie', '65.11'),
(480, 197, 'Autres assurances', '65.12'),
(481, 198, 'Réassurance', '65.20'),
(482, 199, 'Caisses de retraite', '65.30'),
(483, 200, 'Administration de marchés financiers', '66.11'),
(484, 200, 'Courtage de valeurs mobilières et de marchandises', '66.12'),
(485, 200, 'Autres activités auxiliaires de services financiers, hors assurance et caisses de retraite', '66.19'),
(486, 201, 'Évaluation des risques et dommages', '66.21'),
(487, 201, 'Activités des agents et courtiers d\'assurances', '66.22'),
(488, 201, 'Autres activités auxiliaires d\'assurance et de caisses de retraite', '66.29'),
(489, 202, 'Gestion de fonds', '66.30'),
(490, 203, 'Activités des marchands de biens immobiliers', '68.10'),
(491, 204, 'Location et exploitation de biens immobiliers propres ou loués', '68.20'),
(492, 205, 'Agences immobilières', '68.31'),
(493, 205, 'Administration de biens immobiliers', '68.32'),
(494, 206, 'Activités juridiques', '69.10'),
(495, 207, 'Activités comptables', '69.20'),
(496, 208, 'Activités des sièges sociaux', '70.10'),
(497, 209, 'Conseil en relations publiques et communication', '70.21'),
(498, 209, 'Conseil pour les affaires et autres conseils de gestion', '70.22'),
(499, 210, 'Activités d\'architecture', '71.11'),
(500, 210, 'Activités d\'ingénierie', '71.12'),
(501, 211, 'Activités de contrôle et analyses techniques', '71.20'),
(502, 212, 'Recherche-développement en biotechnologie', '72.11'),
(503, 212, 'Recherche-développement en autres sciences physiques et naturelles', '72.19'),
(504, 213, 'Recherche-développement en sciences humaines et sociales', '72.20'),
(505, 214, 'Activités des agences de publicité', '73.11'),
(506, 214, 'Régie publicitaire de médias', '73.12'),
(507, 215, 'Études de marché et sondages', '73.20'),
(508, 216, 'Activités spécialisées de design', '74.10'),
(509, 217, 'Activités photographiques', '74.20'),
(510, 218, 'Traduction et interprétation', '74.30'),
(511, 219, 'Autres activités spécialisées, scientifiques et techniques n.c.a.', '74.90'),
(512, 220, 'Activités vétérinaires', '75.00'),
(513, 221, 'Location et location-bail de voitures et de véhicules automobiles légers', '77.11'),
(514, 221, 'Location et location-bail de camions', '77.12'),
(515, 222, 'Location et location-bail d\'articles de loisirs et de sport', '77.21'),
(516, 222, 'Location de vidéocassettes et disques vidéo', '77.22'),
(517, 222, 'Location et location-bail d\'autres biens personnels et domestiques', '77.29'),
(518, 223, 'Location et location-bail de machines et équipements agricoles', '77.31'),
(519, 223, 'Location et location-bail de machines et équipements pour la construction', '77.32'),
(520, 223, 'Location et location-bail de machines de bureau et de matériel informatique', '77.33'),
(521, 223, 'Location et location-bail de matériels de transport par eau', '77.34'),
(522, 223, 'Location et location-bail de matériels de transport aérien', '77.35'),
(523, 223, 'Location et location-bail d\'autres machines, équipements et biens matériels n.c.a.', '77.39'),
(524, 224, 'Location-bail de propriété intellectuelle et de produits similaires, à l\'exception des œuvres soumises à copyright', '77.40'),
(525, 225, 'Activités des agences de placement de main-d\'œuvre', '78.10'),
(526, 226, 'Activités des agences de travail temporaire', '78.20'),
(527, 227, 'Autre mise à disposition de ressources humaines', '78.30'),
(528, 228, 'Activités des agences de voyage', '79.11'),
(529, 228, 'Activités des voyagistes', '79.12'),
(530, 229, 'Autres services de réservation et activités connexes', '79.90'),
(531, 230, 'Activités de sécurité privée', '80.10'),
(532, 231, 'Activités liées aux systèmes de sécurité', '80.20'),
(533, 232, 'Activités d\'enquête', '80.30'),
(534, 233, 'Activités combinées de soutien lié aux bâtiments', '81.10'),
(535, 234, 'Nettoyage courant des bâtiments', '81.21'),
(536, 234, 'Autres activités de nettoyage des bâtiments et nettoyage industriel', '81.22'),
(537, 234, 'Autres activités de nettoyage', '81.29'),
(538, 235, 'Services d\'aménagement paysager', '81.30'),
(539, 236, 'Services administratifs combinés de bureau', '82.11'),
(540, 236, 'Photocopie, préparation de documents et autres activités spécialisées de soutien de bureau', '82.19'),
(541, 237, 'Activités de centres d\'appels', '82.20'),
(542, 238, 'Organisation de salons professionnels et congrès', '82.30'),
(543, 239, 'Activités des agences de recouvrement de factures et des sociétés d\'information financière sur la clientèle', '82.91'),
(544, 239, 'Activités de conditionnement', '82.92'),
(545, 239, 'Autres activités de soutien aux entreprises n.c.a.', '82.99'),
(546, 240, 'Administration publique générale', '84.11'),
(547, 240, 'Administration publique (tutelle) de la santé, de la formation, de la culture et des services sociaux, autre que sécurité sociale', '84.12'),
(548, 240, 'Administration publique (tutelle) des activités économiques', '84.13'),
(549, 241, 'Affaires étrangères', '84.21'),
(550, 241, 'Défense', '84.22'),
(551, 241, 'Justice', '84.23'),
(552, 241, 'Activités d\'ordre public et de sécurité', '84.24'),
(553, 241, 'Services du feu et de secours', '84.25'),
(554, 242, 'Sécurité sociale obligatoire', '84.30'),
(555, 243, 'Enseignement pré-primaire', '85.10'),
(556, 244, 'Enseignement primaire', '85.20'),
(557, 245, 'Enseignement secondaire général', '85.31'),
(558, 245, 'Enseignement secondaire technique ou professionnel', '85.32'),
(559, 246, 'Enseignement post-secondaire non supérieur', '85.41'),
(560, 246, 'Enseignement supérieur', '85.42'),
(561, 247, 'Enseignement de disciplines sportives et d\'activités de loisirs', '85.51'),
(562, 247, 'Enseignement culturel', '85.52'),
(563, 247, 'Enseignement de la conduite', '85.53'),
(564, 247, 'Enseignements divers', '85.59'),
(565, 248, 'Activités de soutien à l\'enseignement', '85.60'),
(566, 249, 'Activités hospitalières', '86.10'),
(567, 250, 'Activité des médecins généralistes', '86.21'),
(568, 250, 'Activité des médecins spécialistes', '86.22'),
(569, 250, 'Pratique dentaire', '86.23'),
(570, 251, 'Autres activités pour la santé humaine', '86.90'),
(571, 252, 'Hébergement médicalisé', '87.10'),
(572, 253, 'Hébergement social pour personnes handicapées mentales, malades mentales et toxicomanes', '87.20'),
(573, 254, 'Hébergement social pour personnes âgées ou handicapées physiques', '87.30'),
(574, 255, 'Autres activités d\'hébergement social', '87.90'),
(575, 256, 'Action sociale sans hébergement pour personnes âgées et pour personnes handicapées', '88.10'),
(576, 257, 'Action sociale sans hébergement pour jeunes enfants', '88.91'),
(577, 257, 'Autre action sociale sans hébergement n.c.a.', '88.99'),
(578, 258, 'Arts du spectacle vivant', '90.01'),
(579, 258, 'Activités de soutien au spectacle vivant', '90.02'),
(580, 258, 'Création artistique', '90.03'),
(581, 258, 'Gestion de salles de spectacles', '90.04'),
(582, 259, 'Gestion des bibliothèques et des archives', '91.01'),
(583, 259, 'Gestion des musées', '91.02'),
(584, 259, 'Gestion des sites et monuments historiques et des attractions touristiques similaires', '91.03'),
(585, 259, 'Gestion des jardins botaniques et zoologiques et des réserves naturelles', '91.04'),
(586, 260, 'Organisation de jeux de hasard et d\'argent', '92.00'),
(587, 261, 'Gestion d\'installations sportives', '93.11'),
(588, 261, 'Activités de clubs de sports', '93.12'),
(589, 261, 'Activités des centres de culture physique', '93.13'),
(590, 261, 'Autres activités liées au sport', '93.19'),
(591, 262, 'Activités des parcs d\'attractions et parcs à thèmes', '93.21'),
(592, 262, 'Autres activités récréatives et de loisirs', '93.29'),
(593, 263, 'Activités des organisations patronales et consulaires', '94.11'),
(594, 263, 'Activités des organisations professionnelles', '94.12'),
(595, 264, 'Activités des syndicats de salariés', '94.20'),
(596, 265, 'Activités des organisations religieuses', '94.91'),
(597, 265, 'Activités des organisations politiques', '94.92'),
(598, 265, 'Activités des organisations associatives n.c.a.', '94.99'),
(599, 266, 'Réparation d\'ordinateurs et d\'équipements périphériques', '95.11'),
(600, 266, 'Réparation d\'équipements de communication', '95.12'),
(601, 267, 'Réparation de produits électroniques grand public', '95.21'),
(602, 267, 'Réparation d\'appareils électroménagers et d\'équipements pour la maison et le jardin', '95.22'),
(603, 267, 'Réparation de chaussures et d\'articles en cuir', '95.23'),
(604, 267, 'Réparation de meubles et d\'équipements du foyer', '95.24'),
(605, 267, 'Réparation d\'articles d\'horlogerie et de bijouterie', '95.25'),
(606, 267, 'Réparation d\'autres biens personnels et domestiques', '95.29'),
(607, 268, 'Blanchisserie-teinturerie', '96.01'),
(608, 268, 'Coiffure et soins de beauté', '96.02'),
(609, 268, 'Services funéraires', '96.03'),
(610, 268, 'Entretien corporel', '96.04'),
(611, 268, 'Autres services personnels n.c.a.', '96.09'),
(612, 269, 'Activités des ménages en tant qu\'employeurs de personnel domestique', '97.00'),
(613, 270, 'Activités indifférenciées des ménages en tant que producteurs de biens pour usage propre', '98.10'),
(614, 271, 'Activités indifférenciées des ménages en tant que producteurs de services pour usage propre', '98.20'),
(615, 272, 'Activités des organisations et organismes extraterritoriaux', '99.00');

--
-- Déchargement des données de la table `naf_divisions`
--

INSERT INTO `naf_divisions` (`id`, `naf_sections_id`, `libelle`, `code`) VALUES
(1, 1, 'Culture et production animale, chasse et services annexes', '1'),
(2, 1, 'Sylviculture et exploitation forestière', '2'),
(3, 1, 'Pêche et aquaculture', '3'),
(4, 2, 'Extraction de houille et de lignite', '5'),
(5, 2, 'Extraction d\'hydrocarbures', '6'),
(6, 2, 'Extraction de minerais métalliques', '7'),
(7, 2, 'Autres industries extractives', '8'),
(8, 2, 'Services de soutien aux industries extractives', '9'),
(9, 3, 'Industries alimentaires', '10'),
(10, 3, 'Fabrication de boissons', '11'),
(11, 3, 'Fabrication de produits à base de tabac', '12'),
(12, 3, 'Fabrication de textiles', '13'),
(13, 3, 'Industrie de l\'habillement', '14'),
(14, 3, 'Industrie du cuir et de la chaussure', '15'),
(15, 3, 'Travail du bois et fabrication d\'articles en bois et en liège, à l\'exception des meubles ; fabrication d\'articles en vannerie et sparterie', '16'),
(16, 3, 'Industrie du papier et du carton', '17'),
(17, 3, 'Imprimerie et reproduction d\'enregistrements', '18'),
(18, 3, 'Cokéfaction et raffinage', '19'),
(19, 3, 'Industrie chimique', '20'),
(20, 3, 'Industrie pharmaceutique', '21'),
(21, 3, 'Fabrication de produits en caoutchouc et en plastique', '22'),
(22, 3, 'Fabrication d\'autres produits minéraux non métalliques', '23'),
(23, 3, 'Métallurgie', '24'),
(24, 3, 'Fabrication de produits métalliques, à l\'exception des machines et des équipements', '25'),
(25, 3, 'Fabrication de produits informatiques, électroniques et optiques', '26'),
(26, 3, 'Fabrication d\'équipements électriques', '27'),
(27, 3, 'Fabrication de machines et équipements n.c.a.', '28'),
(28, 3, 'Industrie automobile', '29'),
(29, 3, 'Fabrication d\'autres matériels de transport', '30'),
(30, 3, 'Fabrication de meubles', '31'),
(31, 3, 'Autres industries manufacturières', '32'),
(32, 3, 'Réparation et installation de machines et d\'équipements', '33'),
(33, 4, 'Production et distribution d\'électricité, de gaz, de vapeur et d\'air conditionné', '35'),
(34, 5, 'Captage, traitement et distribution d\'eau', '36'),
(35, 5, 'Collecte et traitement des eaux usées', '37'),
(36, 5, 'Collecte, traitement et élimination des déchets ; récupération', '38'),
(37, 5, 'Dépollution et autres services de gestion des déchets', '39'),
(38, 6, 'Construction de bâtiments', '41'),
(39, 6, 'Génie civil', '42'),
(40, 6, 'Travaux de construction spécialisés', '43'),
(41, 7, 'Commerce et réparation d\'automobiles et de motocycles', '45'),
(42, 7, 'Commerce de gros, à l\'exception des automobiles et des motocycles', '46'),
(43, 7, 'Commerce de détail, à l\'exception des automobiles et des motocycles', '47'),
(44, 8, 'Transports terrestres et transport par conduites', '49'),
(45, 8, 'Transports par eau', '50'),
(46, 8, 'Transports aériens', '51'),
(47, 8, 'Entreposage et services auxiliaires des transports', '52'),
(48, 8, 'Activités de poste et de courrier', '53'),
(49, 9, 'Hébergement', '55'),
(50, 9, 'Restauration', '56'),
(51, 10, 'Édition', '58'),
(52, 10, 'Production de films cinématographiques, de vidéo et de programmes de télévision ; enregistrement sonore et édition musicale', '59'),
(53, 10, 'Programmation et diffusion', '60'),
(54, 10, 'Télécommunications', '61'),
(55, 10, 'Programmation, conseil et autres activités informatiques', '62'),
(56, 10, 'Services d\'information', '63'),
(57, 11, 'Activités des services financiers, hors assurance et caisses de retraite', '64'),
(58, 11, 'Assurance', '65'),
(59, 11, 'Activités auxiliaires de services financiers et d\'assurance', '66'),
(60, 12, 'Activités immobilières', '68'),
(61, 13, 'Activités juridiques et comptables', '69'),
(62, 13, 'Activités des sièges sociaux ; conseil de gestion', '70'),
(63, 13, 'Activités d\'architecture et d\'ingénierie ; activités de contrôle et analyses techniques', '71'),
(64, 13, 'Recherche-développement scientifique', '72'),
(65, 13, 'Publicité et études de marché', '73'),
(66, 13, 'Autres activités spécialisées, scientifiques et techniques', '74'),
(67, 13, 'Activités vétérinaires', '75'),
(68, 14, 'Activités de location et location-bail', '77'),
(69, 14, 'Activités liées à l\'emploi', '78'),
(70, 14, 'Activités des agences de voyage, voyagistes, services de réservation et activités connexes', '79'),
(71, 14, 'Enquêtes et sécurité', '80'),
(72, 14, 'Services relatifs aux bâtiments et aménagement paysager', '81'),
(73, 14, 'Activités administratives et autres activités de soutien aux entreprises', '82'),
(74, 15, 'Administration publique et défense ; sécurité sociale obligatoire', '84'),
(75, 16, 'Enseignement', '85'),
(76, 17, 'Activités pour la santé humaine', '86'),
(77, 17, 'Hébergement médico-social et social', '87'),
(78, 17, 'Action sociale sans hébergement', '88'),
(79, 18, 'Activités créatives, artistiques et de spectacle', '90'),
(80, 18, 'Bibliothèques, archives, musées et autres activités culturelles', '91'),
(81, 18, 'Organisation de jeux de hasard et d\'argent', '92'),
(82, 18, 'Activités sportives, récréatives et de loisirs', '93'),
(83, 19, 'Activités des organisations associatives', '94'),
(84, 19, 'Réparation d\'ordinateurs et de biens personnels et domestiques', '95'),
(85, 19, 'Autres services personnels', '96'),
(86, 20, 'Activités des ménages en tant qu\'employeurs de personnel domestique', '97'),
(87, 20, 'Activités indifférenciées des ménages en tant que producteurs de biens et services pour usage propre', '98'),
(88, 21, 'Activités des organisations et organismes extraterritoriaux', '99');

--
-- Déchargement des données de la table `naf_groupes`
--

INSERT INTO `naf_groupes` (`id`, `naf_divisions_id`, `libelle`, `code`) VALUES
(1, 1, 'Cultures non permanentes', '01.1'),
(2, 1, 'Cultures permanentes', '01.2'),
(3, 1, 'Reproduction de plantes', '01.3'),
(4, 1, 'Production animale', '01.4'),
(5, 1, 'Culture et élevage associés', '01.5'),
(6, 1, 'Activités de soutien à l\'agriculture et traitement primaire des récoltes', '01.6'),
(7, 1, 'Chasse, piégeage et services annexes', '01.7'),
(8, 2, 'Sylviculture et autres activités forestières', '02.1'),
(9, 2, 'Exploitation forestière', '02.2'),
(10, 2, 'Récolte de produits forestiers non ligneux poussant à l\'état sauvage', '02.3'),
(11, 2, 'Services de soutien à l\'exploitation forestière', '02.4'),
(12, 3, 'Pêche', '03.1'),
(13, 3, 'Aquaculture', '03.2'),
(14, 4, 'Extraction de houille', '05.1'),
(15, 4, 'Extraction de lignite', '05.2'),
(16, 5, 'Extraction de pétrole brut', '06.1'),
(17, 5, 'Extraction de gaz naturel', '06.2'),
(18, 6, 'Extraction de minerais de fer', '07.1'),
(19, 6, 'Extraction de minerais de métaux non ferreux', '07.2'),
(20, 7, 'Extraction de pierres, de sables et d\'argiles', '08.1'),
(21, 7, 'Activités extractives n.c.a.', '08.9'),
(22, 8, 'Activités de soutien à l\'extraction d\'hydrocarbures', '09.1'),
(23, 8, 'Activités de soutien aux autres industries extractives', '09.9'),
(24, 9, 'Transformation et conservation de la viande et préparation de produits à base de viande', '10.1'),
(25, 9, 'Transformation et conservation de poisson, de crustacés et de mollusques', '10.2'),
(26, 9, 'Transformation et conservation de fruits et légumes', '10.3'),
(27, 9, 'Fabrication d\'huiles et graisses végétales et animales', '10.4'),
(28, 9, 'Fabrication de produits laitiers', '10.5'),
(29, 9, 'Travail des grains ; fabrication de produits amylacés', '10.6'),
(30, 9, 'Fabrication de produits de boulangerie-pâtisserie et de pâtes alimentaires', '10.7'),
(31, 9, 'Fabrication d\'autres produits alimentaires', '10.8'),
(32, 9, 'Fabrication d\'aliments pour animaux', '10.9'),
(33, 10, 'Fabrication de boissons', '11.0'),
(34, 11, 'Fabrication de produits à base de tabac', '12.0'),
(35, 12, 'Préparation de fibres textiles et filature', '13.1'),
(36, 12, 'Tissage', '13.2'),
(37, 12, 'Ennoblissement textile', '13.3'),
(38, 12, 'Fabrication d\'autres textiles', '13.9'),
(39, 13, 'Fabrication de vêtements, autres qu\'en fourrure', '14.1'),
(40, 13, 'Fabrication d\'articles en fourrure', '14.2'),
(41, 13, 'Fabrication d\'articles à mailles', '14.3'),
(42, 14, 'Apprêt et tannage des cuirs ; préparation et teinture des fourrures ; fabrication d\'articles de voyage, de maroquinerie et de sellerie', '15.1'),
(43, 14, 'Fabrication de chaussures', '15.2'),
(44, 15, 'Sciage et rabotage du bois', '16.1'),
(45, 15, 'Fabrication d\'articles en bois, liège, vannerie et sparterie', '16.2'),
(46, 16, 'Fabrication de pâte à papier, de papier et de carton', '17.1'),
(47, 16, 'Fabrication d\'articles en papier ou en carton', '17.2'),
(48, 17, 'Imprimerie et services annexes', '18.1'),
(49, 17, 'Reproduction d\'enregistrements', '18.2'),
(50, 18, 'Cokéfaction', '19.1'),
(51, 18, 'Raffinage du pétrole', '19.2'),
(52, 19, 'Fabrication de produits chimiques de base, de produits azotés et d\'engrais, de matières plastiques de base et de caoutchouc synthétique', '20.1'),
(53, 19, 'Fabrication de pesticides et d\'autres produits agrochimiques', '20.2'),
(54, 19, 'Fabrication de peintures, vernis, encres et mastics', '20.3'),
(55, 19, 'Fabrication de savons, de produits d\'entretien et de parfums', '20.4'),
(56, 19, 'Fabrication d\'autres produits chimiques', '20.5'),
(57, 19, 'Fabrication de fibres artificielles ou synthétiques', '20.6'),
(58, 20, 'Fabrication de produits pharmaceutiques de base', '21.1'),
(59, 20, 'Fabrication de préparations pharmaceutiques', '21.2'),
(60, 21, 'Fabrication de produits en caoutchouc', '22.1'),
(61, 21, 'Fabrication de produits en plastique', '22.2'),
(62, 22, 'Fabrication de verre et d\'articles en verre', '23.1'),
(63, 22, 'Fabrication de produits réfractaires', '23.2'),
(64, 22, 'Fabrication de matériaux de construction en terre cuite', '23.3'),
(65, 22, 'Fabrication d\'autres produits en céramique et en porcelaine', '23.4'),
(66, 22, 'Fabrication de ciment, chaux et plâtre', '23.5'),
(67, 22, 'Fabrication d\'ouvrages en béton, en ciment ou en plâtre', '23.6'),
(68, 22, 'Taille, façonnage et finissage de pierres', '23.7'),
(69, 22, 'Fabrication de produits abrasifs et de produits minéraux non métalliques n.c.a.', '23.9'),
(70, 23, 'Sidérurgie', '24.1'),
(71, 23, 'Fabrication de tubes, tuyaux, profilés creux et accessoires correspondants en acier', '24.2'),
(72, 23, 'Fabrication d\'autres produits de première transformation de l\'acier', '24.3'),
(73, 23, 'Production de métaux précieux et d\'autres métaux non ferreux', '24.4'),
(74, 23, 'Fonderie', '24.5'),
(75, 24, 'Fabrication d\'éléments en métal pour la construction', '25.1'),
(76, 24, 'Fabrication de réservoirs, citernes et conteneurs métalliques', '25.2'),
(77, 24, 'Fabrication de générateurs de vapeur, à l\'exception des chaudières pour le chauffage central', '25.3'),
(78, 24, 'Fabrication d\'armes et de munitions', '25.4'),
(79, 24, 'Forge, emboutissage, estampage ; métallurgie des poudres', '25.5'),
(80, 24, 'Traitement et revêtement des métaux ; usinage', '25.6'),
(81, 24, 'Fabrication de coutellerie, d\'outillage et de quincaillerie', '25.7'),
(82, 24, 'Fabrication d\'autres ouvrages en métaux', '25.9'),
(83, 25, 'Fabrication de composants et cartes électroniques', '26.1'),
(84, 25, 'Fabrication d\'ordinateurs et d\'équipements périphériques', '26.2'),
(85, 25, 'Fabrication d\'équipements de communication', '26.3'),
(86, 25, 'Fabrication de produits électroniques grand public', '26.4'),
(87, 25, 'Fabrication d\'instruments et d\'appareils de mesure, d\'essai et de navigation ; horlogerie', '26.5'),
(88, 25, 'Fabrication d\'équipements d\'irradiation médicale, d\'équipements électromédicaux et électrothérapeutiques', '26.6'),
(89, 25, 'Fabrication de matériels optique et photographique', '26.7'),
(90, 25, 'Fabrication de supports magnétiques et optiques', '26.8'),
(91, 26, 'Fabrication de moteurs, génératrices et transformateurs électriques et de matériel de distribution et de commande électrique', '27.1'),
(92, 26, 'Fabrication de piles et d\'accumulateurs électriques', '27.2'),
(93, 26, 'Fabrication de fils et câbles et de matériel d\'installation électrique', '27.3'),
(94, 26, 'Fabrication d\'appareils d\'éclairage électrique', '27.4'),
(95, 26, 'Fabrication d\'appareils ménagers', '27.5'),
(96, 26, 'Fabrication d\'autres matériels électriques', '27.9'),
(97, 27, 'Fabrication de machines d\'usage général', '28.1'),
(98, 27, 'Fabrication d\'autres machines d\'usage général', '28.2'),
(99, 27, 'Fabrication de machines agricoles et forestières', '28.3'),
(100, 27, 'Fabrication de machines de formage des métaux et de machines-outils', '28.4'),
(101, 27, 'Fabrication d\'autres machines d\'usage spécifique', '28.9'),
(102, 28, 'Construction de véhicules automobiles', '29.1'),
(103, 28, 'Fabrication de carrosseries et remorques', '29.2'),
(104, 28, 'Fabrication d\'équipements automobiles', '29.3'),
(105, 29, 'Construction navale', '30.1'),
(106, 29, 'Construction de locomotives et d\'autre matériel ferroviaire roulant', '30.2'),
(107, 29, 'Construction aéronautique et spatiale', '30.3'),
(108, 29, 'Construction de véhicules militaires de combat', '30.4'),
(109, 29, 'Fabrication de matériels de transport n.c.a.', '30.9'),
(110, 30, 'Fabrication de meubles', '31.0'),
(111, 31, 'Fabrication d\'articles de joaillerie, bijouterie et articles similaires', '32.1'),
(112, 31, 'Fabrication d\'instruments de musique', '32.2'),
(113, 31, 'Fabrication d\'articles de sport', '32.3'),
(114, 31, 'Fabrication de jeux et jouets', '32.4'),
(115, 31, 'Fabrication d\'instruments et de fournitures à usage médical et dentaire', '32.5'),
(116, 31, 'Activités manufacturières n.c.a.', '32.9'),
(117, 32, 'Réparation d\'ouvrages en métaux, de machines et d\'équipements', '33.1'),
(118, 32, 'Installation de machines et d\'équipements industriels', '33.2'),
(119, 33, 'Production, transport et distribution d\'électricité', '35.1'),
(120, 33, 'Production et distribution de combustibles gazeux', '35.2'),
(121, 33, 'Production et distribution de vapeur et d\'air conditionné', '35.3'),
(122, 34, 'Captage, traitement et distribution d\'eau', '36.0'),
(123, 35, 'Collecte et traitement des eaux usées', '37.0'),
(124, 36, 'Collecte des déchets', '38.1'),
(125, 36, 'Traitement et élimination des déchets', '38.2'),
(126, 36, 'Récupération', '38.3'),
(127, 37, 'Dépollution et autres services de gestion des déchets', '39.0'),
(128, 38, 'Promotion immobilière', '41.1'),
(129, 38, 'Construction de bâtiments résidentiels et non résidentiels', '41.2'),
(130, 39, 'Construction de routes et de voies ferrées', '42.1'),
(131, 39, 'Construction de réseaux et de lignes', '42.2'),
(132, 39, 'Construction d\'autres ouvrages de génie civil', '42.9'),
(133, 40, 'Démolition et préparation des sites', '43.1'),
(134, 40, 'Travaux d\'installation électrique, plomberie et autres travaux d\'installation', '43.2'),
(135, 40, 'Travaux de finition', '43.3'),
(136, 40, 'Autres travaux de construction spécialisés', '43.9'),
(137, 41, 'Commerce de véhicules automobiles', '45.1'),
(138, 41, 'Entretien et réparation de véhicules automobiles', '45.2'),
(139, 41, 'Commerce d\'équipements automobiles', '45.3'),
(140, 41, 'Commerce et réparation de motocycles', '45.4'),
(141, 42, 'Intermédiaires du commerce de gros', '46.1'),
(142, 42, 'Commerce de gros de produits agricoles bruts et d\'animaux vivants', '46.2'),
(143, 42, 'Commerce de gros de produits alimentaires, de boissons et de tabac', '46.3'),
(144, 42, 'Commerce de gros de biens domestiques', '46.4'),
(145, 42, 'Commerce de gros d\'équipements de l\'information et de la communication', '46.5'),
(146, 42, 'Commerce de gros d\'autres équipements industriels', '46.6'),
(147, 42, 'Autres commerces de gros spécialisés', '46.7'),
(148, 42, 'Commerce de gros non spécialisé', '46.9'),
(149, 43, 'Commerce de détail en magasin non spécialisé', '47.1'),
(150, 43, 'Commerce de détail alimentaire en magasin spécialisé', '47.2'),
(151, 43, 'Commerce de détail de carburants en magasin spécialisé', '47.3'),
(152, 43, 'Commerce de détail d\'équipements de l\'information et de la communication en magasin spécialisé', '47.4'),
(153, 43, 'Commerce de détail d\'autres équipements du foyer en magasin spécialisé', '47.5'),
(154, 43, 'Commerce de détail de biens culturels et de loisirs en magasin spécialisé', '47.6'),
(155, 43, 'Autres commerces de détail en magasin spécialisé', '47.7'),
(156, 43, 'Commerce de détail sur éventaires et marchés', '47.8'),
(157, 43, 'Commerce de détail hors magasin, éventaires ou marchés', '47.9'),
(158, 44, 'Transport ferroviaire interurbain de voyageurs', '49.1'),
(159, 44, 'Transports ferroviaires de fret', '49.2'),
(160, 44, 'Autres transports terrestres de voyageurs', '49.3'),
(161, 44, 'Transports routiers de fret et services de déménagement', '49.4'),
(162, 44, 'Transports par conduites', '49.5'),
(163, 45, 'Transports maritimes et côtiers de passagers', '50.1'),
(164, 45, 'Transports maritimes et côtiers de fret', '50.2'),
(165, 45, 'Transports fluviaux de passagers', '50.3'),
(166, 45, 'Transports fluviaux de fret', '50.4'),
(167, 46, 'Transports aériens de passagers', '51.1'),
(168, 46, 'Transports aériens de fret et transports spatiaux', '51.2'),
(169, 47, 'Entreposage et stockage', '52.1'),
(170, 47, 'Services auxiliaires des transports', '52.2'),
(171, 48, 'Activités de poste dans le cadre d\'une obligation de service universel', '53.1'),
(172, 48, 'Autres activités de poste et de courrier', '53.2'),
(173, 49, 'Hôtels et hébergement similaire', '55.1'),
(174, 49, 'Hébergement touristique et autre hébergement de courte durée', '55.2'),
(175, 49, 'Terrains de camping et parcs pour caravanes ou véhicules de loisirs', '55.3'),
(176, 49, 'Autres hébergements', '55.9'),
(177, 50, 'Restaurants et services de restauration mobile', '56.1'),
(178, 50, 'Traiteurs et autres services de restauration', '56.2'),
(179, 50, 'Débits de boissons', '56.3'),
(180, 51, 'Édition de livres et périodiques et autres activités d\'édition', '58.1'),
(181, 51, 'Édition de logiciels', '58.2'),
(182, 52, 'Activités cinématographiques, vidéo et de télévision', '59.1'),
(183, 52, 'Enregistrement sonore et édition musicale', '59.2'),
(184, 53, 'Édition et diffusion de programmes radio', '60.1'),
(185, 53, 'Programmation de télévision et télédiffusion', '60.2'),
(186, 54, 'Télécommunications filaires', '61.1'),
(187, 54, 'Télécommunications sans fil', '61.2'),
(188, 54, 'Télécommunications par satellite', '61.3'),
(189, 54, 'Autres activités de télécommunication', '61.9'),
(190, 55, 'Programmation, conseil et autres activités informatiques', '62.0'),
(191, 56, 'Traitement de données, hébergement et activités connexes ; portails Internet', '63.1'),
(192, 56, 'Autres services d\'information', '63.9'),
(193, 57, 'Intermédiation monétaire', '64.1'),
(194, 57, 'Activités des sociétés holding', '64.2'),
(195, 57, 'Fonds de placement et entités financières similaires', '64.3'),
(196, 57, 'Autres activités des services financiers, hors assurance et caisses de retraite', '64.9'),
(197, 58, 'Assurance', '65.1'),
(198, 58, 'Réassurance', '65.2'),
(199, 58, 'Caisses de retraite', '65.3'),
(200, 59, 'Activités auxiliaires de services financiers, hors assurance et caisses de retraite', '66.1'),
(201, 59, 'Activités auxiliaires d\'assurance et de caisses de retraite', '66.2'),
(202, 59, 'Gestion de fonds', '66.3'),
(203, 60, 'Activités des marchands de biens immobiliers', '68.1'),
(204, 60, 'Location et exploitation de biens immobiliers propres ou loués', '68.2'),
(205, 60, 'Activités immobilières pour compte de tiers', '68.3'),
(206, 61, 'Activités juridiques', '69.1'),
(207, 61, 'Activités comptables', '69.2'),
(208, 62, 'Activités des sièges sociaux', '70.1'),
(209, 62, 'Conseil de gestion', '70.2'),
(210, 63, 'Activités d\'architecture et d\'ingénierie', '71.1'),
(211, 63, 'Activités de contrôle et analyses techniques', '71.2'),
(212, 64, 'Recherche-développement en sciences physiques et naturelles', '72.1'),
(213, 64, 'Recherche-développement en sciences humaines et sociales', '72.2'),
(214, 65, 'Publicité', '73.1'),
(215, 65, 'Études de marché et sondages', '73.2'),
(216, 66, 'Activités spécialisées de design', '74.1'),
(217, 66, 'Activités photographiques', '74.2'),
(218, 66, 'Traduction et interprétation', '74.3'),
(219, 66, 'Autres activités spécialisées, scientifiques et techniques n.c.a.', '74.9'),
(220, 67, 'Activités vétérinaires', '75.0'),
(221, 68, 'Location et location-bail de véhicules automobiles', '77.1'),
(222, 68, 'Location et location-bail de biens personnels et domestiques', '77.2'),
(223, 68, 'Location et location-bail d\'autres machines, équipements et biens', '77.3'),
(224, 68, 'Location-bail de propriété intellectuelle et de produits similaires, à l\'exception des œuvres soumises à copyright', '77.4'),
(225, 69, 'Activités des agences de placement de main-d\'œuvre', '78.1'),
(226, 69, 'Activités des agences de travail temporaire', '78.2'),
(227, 69, 'Autre mise à disposition de ressources humaines', '78.3'),
(228, 70, 'Activités des agences de voyage et voyagistes', '79.1'),
(229, 70, 'Autres services de réservation et activités connexes', '79.9'),
(230, 71, 'Activités de sécurité privée', '80.1'),
(231, 71, 'Activités liées aux systèmes de sécurité', '80.2'),
(232, 71, 'Activités d\'enquête', '80.3'),
(233, 72, 'Activités combinées de soutien lié aux bâtiments', '81.1'),
(234, 72, 'Activités de nettoyage', '81.2'),
(235, 72, 'Services d\'aménagement paysager', '81.3'),
(236, 73, 'Activités administratives', '82.1'),
(237, 73, 'Activités de centres d\'appels', '82.2'),
(238, 73, 'Organisation de salons professionnels et congrès', '82.3'),
(239, 73, 'Activités de soutien aux entreprises n.c.a.', '82.9'),
(240, 74, 'Administration générale, économique et sociale', '84.1'),
(241, 74, 'Services de prérogative publique', '84.2'),
(242, 74, 'Sécurité sociale obligatoire', '84.3'),
(243, 75, 'Enseignement pré-primaire', '85.1'),
(244, 75, 'Enseignement primaire', '85.2'),
(245, 75, 'Enseignement secondaire', '85.3'),
(246, 75, 'Enseignement supérieur et post-secondaire non supérieur', '85.4'),
(247, 75, 'Autres activités d\'enseignement', '85.5'),
(248, 75, 'Activités de soutien à l\'enseignement', '85.6'),
(249, 76, 'Activités hospitalières', '86.1'),
(250, 76, 'Activité des médecins et des dentistes', '86.2'),
(251, 76, 'Autres activités pour la santé humaine', '86.9'),
(252, 77, 'Hébergement médicalisé', '87.1'),
(253, 77, 'Hébergement social pour personnes handicapées mentales, malades mentales et toxicomanes', '87.2'),
(254, 77, 'Hébergement social pour personnes âgées ou handicapées physiques', '87.3'),
(255, 77, 'Autres activités d\'hébergement social', '87.9'),
(256, 78, 'Action sociale sans hébergement pour personnes âgées et pour personnes handicapées', '88.1'),
(257, 78, 'Autre action sociale sans hébergement', '88.9'),
(258, 79, 'Activités créatives, artistiques et de spectacle', '90.0'),
(259, 80, 'Bibliothèques, archives, musées et autres activités culturelles', '91.0'),
(260, 81, 'Organisation de jeux de hasard et d\'argent', '92.0'),
(261, 82, 'Activités liées au sport', '93.1'),
(262, 82, 'Activités récréatives et de loisirs', '93.2'),
(263, 83, 'Activités des organisations économiques, patronales et professionnelles', '94.1'),
(264, 83, 'Activités des syndicats de salariés', '94.2'),
(265, 83, 'Activités des autres organisations associatives', '94.9'),
(266, 84, 'Réparation d\'ordinateurs et d\'équipements de communication', '95.1'),
(267, 84, 'Réparation de biens personnels et domestiques', '95.2'),
(268, 85, 'Autres services personnels', '96.0'),
(269, 86, 'Activités des ménages en tant qu\'employeurs de personnel domestique', '97.0'),
(270, 87, 'Activités indifférenciées des ménages en tant que producteurs de biens pour usage propre', '98.1'),
(271, 87, 'Activités indifférenciées des ménages en tant que producteurs de services pour usage propre', '98.2'),
(272, 88, 'Activités des organisations et organismes extraterritoriaux', '99.0');

--
-- Déchargement des données de la table `naf_sections`
--

INSERT INTO `naf_sections` (`id`, `libelle`, `code`) VALUES
(1, 'Agriculture, sylviculture et pêche', 'A'),
(2, 'Industries extractives', 'B'),
(3, 'Industrie manufacturière', 'C'),
(4, 'Production et distribution d\'électricité, de gaz, de vapeur et d\'air conditionné', 'D'),
(5, 'Production et distribution d\'eau ; assainissement, gestion des déchets et dépollution', 'E'),
(6, 'Construction', 'F'),
(7, 'Commerce ; réparation d\'automobiles et de motocycles', 'G'),
(8, 'Transports et entreposage', 'H'),
(9, 'Hébergement et restauration', 'I'),
(10, 'Information et communication', 'J'),
(11, 'Activités financières et d\'assurance', 'K'),
(12, 'Activités immobilières', 'L'),
(13, 'Activités spécialisées, scientifiques et techniques', 'M'),
(14, 'Activités de services administratifs et de soutien', 'N'),
(15, 'Administration publique', 'O'),
(16, 'Enseignement', 'P'),
(17, 'Santé humaine et action sociale', 'Q'),
(18, 'Arts, spectacles et activités récréatives', 'R'),
(19, 'Autres activités de services', 'S'),
(20, 'Activités des ménages en tant qu\'employeurs ; activités indifférenciées des ménages en tant que producteurs de biens et services pour usage propre', 'T'),
(21, 'Activités extra-territoriales', 'U');

--
-- Déchargement des données de la table `naf_sous_classes`
--

INSERT INTO `naf_sous_classes` (`id`, `naf_classe_id`, `libelle`, `code`) VALUES
(1, 1, 'Culture de céréales (à l\'exception du riz), de légumineuses et de graines oléagineuses', '01.11Z'),
(2, 2, 'Culture du riz', '01.12Z'),
(3, 3, 'Culture de légumes, de melons, de racines et de tubercules', '01.13Z'),
(4, 4, 'Culture de la canne à sucre', '01.14Z'),
(5, 5, 'Culture du tabac', '01.15Z'),
(6, 6, 'Culture de plantes à fibres', '01.16Z'),
(7, 7, 'Autres cultures non permanentes', '01.19Z'),
(8, 8, 'Culture de la vigne', '01.21Z'),
(9, 9, 'Culture de fruits tropicaux et subtropicaux', '01.22Z'),
(10, 10, 'Culture d\'agrumes', '01.23Z'),
(11, 11, 'Culture de fruits à pépins et à noyau', '01.24Z'),
(12, 12, 'Culture d\'autres fruits d\'arbres ou d\'arbustes et de fruits à coque', '01.25Z'),
(13, 13, 'Culture de fruits oléagineux', '01.26Z'),
(14, 14, 'Culture de plantes à boissons', '01.27Z'),
(15, 15, 'Culture de plantes à épices, aromatiques, médicinales et pharmaceutiques', '01.28Z'),
(16, 16, 'Autres cultures permanentes', '01.29Z'),
(17, 17, 'Reproduction de plantes', '01.30Z'),
(18, 18, 'Élevage de vaches laitières', '01.41Z'),
(19, 19, 'Élevage d\'autres bovins et de buffles', '01.42Z'),
(20, 20, 'Élevage de chevaux et d\'autres équidés', '01.43Z'),
(21, 21, 'Élevage de chameaux et d\'autres camélidés', '01.44Z'),
(22, 22, 'Élevage d\'ovins et de caprins', '01.45Z'),
(23, 23, 'Élevage de porcins', '01.46Z'),
(24, 24, 'Élevage de volailles', '01.47Z'),
(25, 25, 'Élevage d\'autres animaux', '01.49Z'),
(26, 26, 'Culture et élevage associés', '01.50Z'),
(27, 27, 'Activités de soutien aux cultures', '01.61Z'),
(28, 28, 'Activités de soutien à la production animale', '01.62Z'),
(29, 29, 'Traitement primaire des récoltes', '01.63Z'),
(30, 30, 'Traitement des semences', '01.64Z'),
(31, 31, 'Chasse, piégeage et services annexes', '01.70Z'),
(32, 32, 'Sylviculture et autres activités forestières', '02.10Z'),
(33, 33, 'Exploitation forestière', '02.20Z'),
(34, 34, 'Récolte de produits forestiers non ligneux poussant à l\'état sauvage', '02.30Z'),
(35, 35, 'Services de soutien à l\'exploitation forestière', '02.40Z'),
(36, 36, 'Pêche en mer', '03.11Z'),
(37, 37, 'Pêche en eau douce', '03.12Z'),
(38, 38, 'Aquaculture en mer', '03.21Z'),
(39, 39, 'Aquaculture en eau douce', '03.22Z'),
(40, 40, 'Extraction de houille', '05.10Z'),
(41, 41, 'Extraction de lignite', '05.20Z'),
(42, 42, 'Extraction de pétrole brut', '06.10Z'),
(43, 43, 'Extraction de gaz naturel', '06.20Z'),
(44, 44, 'Extraction de minerais de fer', '07.10Z'),
(45, 45, 'Extraction de minerais d\'uranium et de thorium', '07.21Z'),
(46, 46, 'Extraction d\'autres minerais de métaux non ferreux', '07.29Z'),
(47, 47, 'Extraction de pierres ornementales et de construction, de calcaire industriel, de gypse, de craie et d\'ardoise', '08.11Z'),
(48, 48, 'Exploitation de gravières et sablières, extraction d\'argiles et de kaolin', '08.12Z'),
(49, 49, 'Extraction des minéraux chimiques et d\'engrais minéraux', '08.91Z'),
(50, 50, 'Extraction de tourbe', '08.92Z'),
(51, 51, 'Production de sel', '08.93Z'),
(52, 52, 'Autres activités extractives n.c.a.', '08.99Z'),
(53, 53, 'Activités de soutien à l\'extraction d\'hydrocarbures', '09.10Z'),
(54, 54, 'Activités de soutien aux autres industries extractives', '09.90Z'),
(55, 55, 'Transformation et conservation de la viande de boucherie', '10.11Z'),
(56, 56, 'Transformation et conservation de la viande de volaille', '10.12Z'),
(57, 57, 'Préparation industrielle de produits à base de viande', '10.13A'),
(58, 57, 'Charcuterie', '10.13B'),
(59, 58, 'Transformation et conservation de poisson, de crustacés et de mollusques', '10.20Z'),
(60, 59, 'Transformation et conservation de pommes de terre', '10.31Z'),
(61, 60, 'Préparation de jus de fruits et légumes', '10.32Z'),
(62, 61, 'Autre transformation et conservation de légumes', '10.39A'),
(63, 61, 'Transformation et conservation de fruits', '10.39B'),
(64, 62, 'Fabrication d\'huiles et graisses brutes', '10.41A'),
(65, 62, 'Fabrication d\'huiles et graisses raffinées', '10.41B'),
(66, 63, 'Fabrication de margarine et graisses comestibles similaires', '10.42Z'),
(67, 64, 'Fabrication de lait liquide et de produits frais', '10.51A'),
(68, 64, 'Fabrication de beurre', '10.51B'),
(69, 64, 'Fabrication de fromage', '10.51C'),
(70, 64, 'Fabrication d\'autres produits laitiers', '10.51D'),
(71, 65, 'Fabrication de glaces et sorbets', '10.52Z'),
(72, 66, 'Meunerie', '10.61A'),
(73, 66, 'Autres activités du travail des grains', '10.61B'),
(74, 67, 'Fabrication de produits amylacés', '10.62Z'),
(75, 68, 'Fabrication industrielle de pain et de pâtisserie fraîche', '10.71A'),
(76, 68, 'Cuisson de produits de boulangerie', '10.71B'),
(77, 68, 'Boulangerie et boulangerie-pâtisserie', '10.71C'),
(78, 68, 'Pâtisserie', '10.71D'),
(79, 69, 'Fabrication de biscuits, biscottes et pâtisseries de conservation', '10.72Z'),
(80, 70, 'Fabrication de pâtes alimentaires', '10.73Z'),
(81, 71, 'Fabrication de sucre', '10.81Z'),
(82, 72, 'Fabrication de cacao, chocolat et de produits de confiserie', '10.82Z'),
(83, 73, 'Transformation du thé et du café', '10.83Z'),
(84, 74, 'Fabrication de condiments et assaisonnements', '10.84Z'),
(85, 75, 'Fabrication de plats préparés', '10.85Z'),
(86, 76, 'Fabrication d\'aliments homogénéisés et diététiques', '10.86Z'),
(87, 77, 'Fabrication d\'autres produits alimentaires n.c.a.', '10.89Z'),
(88, 78, 'Fabrication d\'aliments pour animaux de ferme', '10.91Z'),
(89, 79, 'Fabrication d\'aliments pour animaux de compagnie', '10.92Z'),
(90, 80, 'Production de boissons alcooliques distillées', '11.01Z'),
(91, 81, 'Fabrication de vins effervescents', '11.02A'),
(92, 81, 'Vinification', '11.02B'),
(93, 82, 'Fabrication de cidre et de vins de fruits', '11.03Z'),
(94, 83, 'Production d\'autres boissons fermentées non distillées', '11.04Z'),
(95, 84, 'Fabrication de bière', '11.05Z'),
(96, 85, 'Fabrication de malt', '11.06Z'),
(97, 86, 'Industrie des eaux de table', '11.07A'),
(98, 86, 'Production de boissons rafraîchissantes', '11.07B'),
(99, 87, 'Fabrication de produits à base de tabac', '12.00Z'),
(100, 88, 'Préparation de fibres textiles et filature', '13.10Z'),
(101, 89, 'Tissage', '13.20Z'),
(102, 90, 'Ennoblissement textile', '13.30Z'),
(103, 91, 'Fabrication d\'étoffes à mailles', '13.91Z'),
(104, 92, 'Fabrication d\'articles textiles, sauf habillement', '13.92Z'),
(105, 93, 'Fabrication de tapis et moquettes', '13.93Z'),
(106, 94, 'Fabrication de ficelles, cordes et filets', '13.94Z'),
(107, 95, 'Fabrication de non-tissés, sauf habillement', '13.95Z'),
(108, 96, 'Fabrication d\'autres textiles techniques et industriels', '13.96Z'),
(109, 97, 'Fabrication d\'autres textiles n.c.a.', '13.99Z'),
(110, 98, 'Fabrication de vêtements en cuir', '14.11Z'),
(111, 99, 'Fabrication de vêtements de travail', '14.12Z'),
(112, 100, 'Fabrication de vêtements de dessus', '14.13Z'),
(113, 101, 'Fabrication de vêtements de dessous', '14.14Z'),
(114, 102, 'Fabrication d\'autres vêtements et accessoires', '14.19Z'),
(115, 103, 'Fabrication d\'articles en fourrure', '14.20Z'),
(116, 104, 'Fabrication d\'articles chaussants à mailles', '14.31Z'),
(117, 105, 'Fabrication d\'autres articles à mailles', '14.39Z'),
(118, 106, 'Apprêt et tannage des cuirs ; préparation et teinture des fourrures', '15.11Z'),
(119, 107, 'Fabrication d\'articles de voyage, de maroquinerie et de sellerie', '15.12Z'),
(120, 108, 'Fabrication de chaussures', '15.20Z'),
(121, 109, 'Sciage et rabotage du bois, hors imprégnation', '16.10A'),
(122, 109, 'Imprégnation du bois', '16.10B'),
(123, 110, 'Fabrication de placage et de panneaux de bois', '16.21Z'),
(124, 111, 'Fabrication de parquets assemblés', '16.22Z'),
(125, 112, 'Fabrication de charpentes et d\'autres menuiseries', '16.23Z'),
(126, 113, 'Fabrication d\'emballages en bois', '16.24Z'),
(127, 114, 'Fabrication d\'objets divers en bois ; fabrication d\'objets en liège, vannerie et sparterie', '16.29Z'),
(128, 115, 'Fabrication de pâte à papier', '17.11Z'),
(129, 116, 'Fabrication de papier et de carton', '17.12Z'),
(130, 117, 'Fabrication de carton ondulé', '17.21A'),
(131, 117, 'Fabrication de cartonnages', '17.21B'),
(132, 117, 'Fabrication d\'emballages en papier', '17.21C'),
(133, 118, 'Fabrication d\'articles en papier à usage sanitaire ou domestique', '17.22Z'),
(134, 119, 'Fabrication d\'articles de papeterie', '17.23Z'),
(135, 120, 'Fabrication de papiers peints', '17.24Z'),
(136, 121, 'Fabrication d\'autres articles en papier ou en carton', '17.29Z'),
(137, 122, 'Imprimerie de journaux', '18.11Z'),
(138, 123, 'Autre imprimerie (labeur)', '18.12Z'),
(139, 124, 'Activités de pré-presse', '18.13Z'),
(140, 125, 'Reliure et activités connexes', '18.14Z'),
(141, 126, 'Reproduction d\'enregistrements', '18.20Z'),
(142, 127, 'Cokéfaction', '19.10Z'),
(143, 128, 'Raffinage du pétrole', '19.20Z'),
(144, 129, 'Fabrication de gaz industriels', '20.11Z'),
(145, 130, 'Fabrication de colorants et de pigments', '20.12Z'),
(146, 131, 'Enrichissement et retraitement de matières nucléaires', '20.13A'),
(147, 131, 'Fabrication d\'autres produits chimiques inorganiques de base n.c.a.', '20.13B'),
(148, 132, 'Fabrication d\'autres produits chimiques organiques de base', '20.14Z'),
(149, 133, 'Fabrication de produits azotés et d\'engrais', '20.15Z'),
(150, 134, 'Fabrication de matières plastiques de base', '20.16Z'),
(151, 135, 'Fabrication de caoutchouc synthétique', '20.17Z'),
(152, 136, 'Fabrication de pesticides et d\'autres produits agrochimiques', '20.20Z'),
(153, 137, 'Fabrication de peintures, vernis, encres et mastics', '20.30Z'),
(154, 138, 'Fabrication de savons, détergents et produits d\'entretien', '20.41Z'),
(155, 139, 'Fabrication de parfums et de produits pour la toilette', '20.42Z'),
(156, 140, 'Fabrication de produits explosifs', '20.51Z'),
(157, 141, 'Fabrication de colles', '20.52Z'),
(158, 142, 'Fabrication d\'huiles essentielles', '20.53Z'),
(159, 143, 'Fabrication d\'autres produits chimiques n.c.a.', '20.59Z'),
(160, 144, 'Fabrication de fibres artificielles ou synthétiques', '20.60Z'),
(161, 145, 'Fabrication de produits pharmaceutiques de base', '21.10Z'),
(162, 146, 'Fabrication de préparations pharmaceutiques', '21.20Z'),
(163, 147, 'Fabrication et rechapage de pneumatiques', '22.11Z'),
(164, 148, 'Fabrication d\'autres articles en caoutchouc', '22.19Z'),
(165, 149, 'Fabrication de plaques, feuilles, tubes et profilés en matières plastiques', '22.21Z'),
(166, 150, 'Fabrication d\'emballages en matières plastiques', '22.22Z'),
(167, 151, 'Fabrication d\'éléments en matières plastiques pour la construction', '22.23Z'),
(168, 152, 'Fabrication de pièces techniques à base de matières plastiques', '22.29A'),
(169, 152, 'Fabrication de produits de consommation courante en matières plastiques', '22.29B'),
(170, 153, 'Fabrication de verre plat', '23.11Z'),
(171, 154, 'Façonnage et transformation du verre plat', '23.12Z'),
(172, 155, 'Fabrication de verre creux', '23.13Z'),
(173, 156, 'Fabrication de fibres de verre', '23.14Z'),
(174, 157, 'Fabrication et façonnage d\'autres articles en verre, y compris verre technique', '23.19Z'),
(175, 158, 'Fabrication de produits réfractaires', '23.20Z'),
(176, 159, 'Fabrication de carreaux en céramique', '23.31Z'),
(177, 160, 'Fabrication de briques, tuiles et produits de construction, en terre cuite', '23.32Z'),
(178, 161, 'Fabrication d\'articles céramiques à usage domestique ou ornemental', '23.41Z'),
(179, 162, 'Fabrication d\'appareils sanitaires en céramique', '23.42Z'),
(180, 163, 'Fabrication d\'isolateurs et pièces isolantes en céramique', '23.43Z'),
(181, 164, 'Fabrication d\'autres produits céramiques à usage technique', '23.44Z'),
(182, 165, 'Fabrication d\'autres produits céramiques', '23.49Z'),
(183, 166, 'Fabrication de ciment', '23.51Z'),
(184, 167, 'Fabrication de chaux et plâtre', '23.52Z'),
(185, 168, 'Fabrication d\'éléments en béton pour la construction', '23.61Z'),
(186, 169, 'Fabrication d\'éléments en plâtre pour la construction', '23.62Z'),
(187, 170, 'Fabrication de béton prêt à l\'emploi', '23.63Z'),
(188, 171, 'Fabrication de mortiers et bétons secs', '23.64Z'),
(189, 172, 'Fabrication d\'ouvrages en fibre-ciment', '23.65Z'),
(190, 173, 'Fabrication d\'autres ouvrages en béton, en ciment ou en plâtre', '23.69Z'),
(191, 174, 'Taille, façonnage et finissage de pierres', '23.70Z'),
(192, 175, 'Fabrication de produits abrasifs', '23.91Z'),
(193, 176, 'Fabrication d\'autres produits minéraux non métalliques n.c.a.', '23.99Z'),
(194, 177, 'Sidérurgie', '24.10Z'),
(195, 178, 'Fabrication de tubes, tuyaux, profilés creux et accessoires correspondants en acier', '24.20Z'),
(196, 179, 'Étirage à froid de barres', '24.31Z'),
(197, 180, 'Laminage à froid de feuillards', '24.32Z'),
(198, 181, 'Profilage à froid par formage ou pliage', '24.33Z'),
(199, 182, 'Tréfilage à froid', '24.34Z'),
(200, 183, 'Production de métaux précieux', '24.41Z'),
(201, 184, 'Métallurgie de l\'aluminium', '24.42Z'),
(202, 185, 'Métallurgie du plomb, du zinc ou de l\'étain', '24.43Z'),
(203, 186, 'Métallurgie du cuivre', '24.44Z'),
(204, 187, 'Métallurgie des autres métaux non ferreux', '24.45Z'),
(205, 188, 'Élaboration et transformation de matières nucléaires', '24.46Z'),
(206, 189, 'Fonderie de fonte', '24.51Z'),
(207, 190, 'Fonderie d\'acier', '24.52Z'),
(208, 191, 'Fonderie de métaux légers', '24.53Z'),
(209, 192, 'Fonderie d\'autres métaux non ferreux', '24.54Z'),
(210, 193, 'Fabrication de structures métalliques et de parties de structures', '25.11Z'),
(211, 194, 'Fabrication de portes et fenêtres en métal', '25.12Z'),
(212, 195, 'Fabrication de radiateurs et de chaudières pour le chauffage central', '25.21Z'),
(213, 196, 'Fabrication d\'autres réservoirs, citernes et conteneurs métalliques', '25.29Z'),
(214, 197, 'Fabrication de générateurs de vapeur, à l\'exception des chaudières pour le chauffage central', '25.30Z'),
(215, 198, 'Fabrication d\'armes et de munitions', '25.40Z'),
(216, 199, 'Forge, estampage, matriçage ; métallurgie des poudres', '25.50A'),
(217, 199, 'Découpage, emboutissage', '25.50B'),
(218, 200, 'Traitement et revêtement des métaux', '25.61Z'),
(219, 201, 'Décolletage', '25.62A'),
(220, 201, 'Mécanique industrielle', '25.62B'),
(221, 202, 'Fabrication de coutellerie', '25.71Z'),
(222, 203, 'Fabrication de serrures et de ferrures', '25.72Z'),
(223, 204, 'Fabrication de moules et modèles', '25.73A'),
(224, 204, 'Fabrication d\'autres outillages', '25.73B'),
(225, 205, 'Fabrication de fûts et emballages métalliques similaires', '25.91Z'),
(226, 206, 'Fabrication d\'emballages métalliques légers', '25.92Z'),
(227, 207, 'Fabrication d\'articles en fils métalliques, de chaînes et de ressorts', '25.93Z'),
(228, 208, 'Fabrication de vis et de boulons', '25.94Z'),
(229, 209, 'Fabrication d\'articles métalliques ménagers', '25.99A'),
(230, 209, 'Fabrication d\'autres articles métalliques', '25.99B'),
(231, 210, 'Fabrication de composants électroniques', '26.11Z'),
(232, 211, 'Fabrication de cartes électroniques assemblées', '26.12Z'),
(233, 212, 'Fabrication d\'ordinateurs et d\'équipements périphériques', '26.20Z'),
(234, 213, 'Fabrication d\'équipements de communication', '26.30Z'),
(235, 214, 'Fabrication de produits électroniques grand public', '26.40Z'),
(236, 215, 'Fabrication d\'équipements d\'aide à la navigation', '26.51A'),
(237, 215, 'Fabrication d\'instrumentation scientifique et technique', '26.51B'),
(238, 216, 'Horlogerie', '26.52Z'),
(239, 217, 'Fabrication d\'équipements d\'irradiation médicale, d\'équipements électromédicaux et électrothérapeutiques', '26.60Z'),
(240, 218, 'Fabrication de matériels optique et photographique', '26.70Z'),
(241, 219, 'Fabrication de supports magnétiques et optiques', '26.80Z'),
(242, 220, 'Fabrication de moteurs, génératrices et transformateurs électriques', '27.11Z'),
(243, 221, 'Fabrication de matériel de distribution et de commande électrique', '27.12Z'),
(244, 222, 'Fabrication de piles et d\'accumulateurs électriques', '27.20Z'),
(245, 223, 'Fabrication de câbles de fibres optiques', '27.31Z'),
(246, 224, 'Fabrication d\'autres fils et câbles électroniques ou électriques', '27.32Z'),
(247, 225, 'Fabrication de matériel d\'installation électrique', '27.33Z'),
(248, 226, 'Fabrication d\'appareils d\'éclairage électrique', '27.40Z'),
(249, 227, 'Fabrication d\'appareils électroménagers', '27.51Z'),
(250, 228, 'Fabrication d\'appareils ménagers non électriques', '27.52Z'),
(251, 229, 'Fabrication d\'autres matériels électriques', '27.90Z'),
(252, 230, 'Fabrication de moteurs et turbines, à l\'exception des moteurs d\'avions et de véhicules', '28.11Z'),
(253, 231, 'Fabrication d\'équipements hydrauliques et pneumatiques', '28.12Z'),
(254, 232, 'Fabrication d\'autres pompes et compresseurs', '28.13Z'),
(255, 233, 'Fabrication d\'autres articles de robinetterie', '28.14Z'),
(256, 234, 'Fabrication d\'engrenages et d\'organes mécaniques de transmission', '28.15Z'),
(257, 235, 'Fabrication de fours et brûleurs', '28.21Z'),
(258, 236, 'Fabrication de matériel de levage et de manutention', '28.22Z'),
(259, 237, 'Fabrication de machines et d\'équipements de bureau (à l\'exception des ordinateurs et équipements périphériques)', '28.23Z'),
(260, 238, 'Fabrication d\'outillage portatif à moteur incorporé', '28.24Z'),
(261, 239, 'Fabrication d\'équipements aérauliques et frigorifiques industriels', '28.25Z'),
(262, 240, 'Fabrication d\'équipements d\'emballage, de conditionnement et de pesage', '28.29A'),
(263, 240, 'Fabrication d\'autres machines d\'usage général', '28.29B'),
(264, 241, 'Fabrication de machines agricoles et forestières', '28.30Z'),
(265, 242, 'Fabrication de machines-outils pour le travail des métaux', '28.41Z'),
(266, 243, 'Fabrication d\'autres machines-outils', '28.49Z'),
(267, 244, 'Fabrication de machines pour la métallurgie', '28.91Z'),
(268, 245, 'Fabrication de machines pour l\'extraction ou la construction', '28.92Z'),
(269, 246, 'Fabrication de machines pour l\'industrie agro-alimentaire', '28.93Z'),
(270, 247, 'Fabrication de machines pour les industries textiles', '28.94Z'),
(271, 248, 'Fabrication de machines pour les industries du papier et du carton', '28.95Z'),
(272, 249, 'Fabrication de machines pour le travail du caoutchouc ou des plastiques', '28.96Z'),
(273, 250, 'Fabrication de machines d\'imprimerie', '28.99A'),
(274, 250, 'Fabrication d\'autres machines spécialisées', '28.99B'),
(275, 251, 'Construction de véhicules automobiles', '29.10Z'),
(276, 252, 'Fabrication de carrosseries et remorques', '29.20Z'),
(277, 253, 'Fabrication d\'équipements électriques et électroniques automobiles', '29.31Z'),
(278, 254, 'Fabrication d\'autres équipements automobiles', '29.32Z'),
(279, 255, 'Construction de navires et de structures flottantes', '30.11Z'),
(280, 256, 'Construction de bateaux de plaisance', '30.12Z'),
(281, 257, 'Construction de locomotives et d\'autre matériel ferroviaire roulant', '30.20Z'),
(282, 258, 'Construction aéronautique et spatiale', '30.30Z'),
(283, 259, 'Construction de véhicules militaires de combat', '30.40Z'),
(284, 260, 'Fabrication de motocycles', '30.91Z'),
(285, 261, 'Fabrication de bicyclettes et de véhicules pour invalides', '30.92Z'),
(286, 262, 'Fabrication d\'autres équipements de transport n.c.a.', '30.99Z'),
(287, 263, 'Fabrication de meubles de bureau et de magasin', '31.01Z'),
(288, 264, 'Fabrication de meubles de cuisine', '31.02Z'),
(289, 265, 'Fabrication de matelas', '31.03Z'),
(290, 266, 'Fabrication de sièges d\'ameublement d\'intérieur', '31.09A'),
(291, 266, 'Fabrication d\'autres meubles et industries connexes de l\'ameublement', '31.09B'),
(292, 267, 'Frappe de monnaie', '32.11Z'),
(293, 268, 'Fabrication d\'articles de joaillerie et bijouterie', '32.12Z'),
(294, 269, 'Fabrication d\'articles de bijouterie fantaisie et articles similaires', '32.13Z'),
(295, 270, 'Fabrication d\'instruments de musique', '32.20Z'),
(296, 271, 'Fabrication d\'articles de sport', '32.30Z'),
(297, 272, 'Fabrication de jeux et jouets', '32.40Z'),
(298, 273, 'Fabrication de matériel médico-chirurgical et dentaire', '32.50A'),
(299, 273, 'Fabrication de lunettes', '32.50B'),
(300, 274, 'Fabrication d\'articles de brosserie', '32.91Z'),
(301, 275, 'Autres activités manufacturières n.c.a.', '32.99Z'),
(302, 276, 'Réparation d\'ouvrages en métaux', '33.11Z'),
(303, 277, 'Réparation de machines et équipements mécaniques', '33.12Z'),
(304, 278, 'Réparation de matériels électroniques et optiques', '33.13Z'),
(305, 279, 'Réparation d\'équipements électriques', '33.14Z'),
(306, 280, 'Réparation et maintenance navale', '33.15Z'),
(307, 281, 'Réparation et maintenance d\'aéronefs et d\'engins spatiaux', '33.16Z'),
(308, 282, 'Réparation et maintenance d\'autres équipements de transport', '33.17Z'),
(309, 283, 'Réparation d\'autres équipements', '33.19Z'),
(310, 284, 'Installation de structures métalliques, chaudronnées et de tuyauterie', '33.20A'),
(311, 284, 'Installation de machines et équipements mécaniques', '33.20B'),
(312, 284, 'Conception d\'ensemble et assemblage sur site industriel d\'équipements de contrôle des processus industriels', '33.20C'),
(313, 284, 'Installation d\'équipements électriques, de matériels électroniques et optiques ou d\'autres matériels', '33.20D'),
(314, 285, 'Production d\'électricité', '35.11Z'),
(315, 286, 'Transport d\'électricité', '35.12Z'),
(316, 287, 'Distribution d\'électricité', '35.13Z'),
(317, 288, 'Commerce d\'électricité', '35.14Z'),
(318, 289, 'Production de combustibles gazeux', '35.21Z'),
(319, 290, 'Distribution de combustibles gazeux par conduites', '35.22Z'),
(320, 291, 'Commerce de combustibles gazeux par conduites', '35.23Z'),
(321, 292, 'Production et distribution de vapeur et d\'air conditionné', '35.30Z'),
(322, 293, 'Captage, traitement et distribution d\'eau', '36.00Z'),
(323, 294, 'Collecte et traitement des eaux usées', '37.00Z'),
(324, 295, 'Collecte des déchets non dangereux', '38.11Z'),
(325, 296, 'Collecte des déchets dangereux', '38.12Z'),
(326, 297, 'Traitement et élimination des déchets non dangereux', '38.21Z'),
(327, 298, 'Traitement et élimination des déchets dangereux', '38.22Z'),
(328, 299, 'Démantèlement d\'épaves', '38.31Z'),
(329, 300, 'Récupération de déchets triés', '38.32Z'),
(330, 301, 'Dépollution et autres services de gestion des déchets', '39.00Z'),
(331, 302, 'Promotion immobilière de logements', '41.10A'),
(332, 302, 'Promotion immobilière de bureaux', '41.10B'),
(333, 302, 'Promotion immobilière d\'autres bâtiments', '41.10C'),
(334, 302, 'Supports juridiques de programmes', '41.10D'),
(335, 303, 'Construction de maisons individuelles', '41.20A'),
(336, 303, 'Construction d\'autres bâtiments', '41.20B'),
(337, 304, 'Construction de routes et autoroutes', '42.11Z'),
(338, 305, 'Construction de voies ferrées de surface et souterraines', '42.12Z'),
(339, 306, 'Construction d\'ouvrages d\'art', '42.13A'),
(340, 306, 'Construction et entretien de tunnels', '42.13B'),
(341, 307, 'Construction de réseaux pour fluides', '42.21Z'),
(342, 308, 'Construction de réseaux électriques et de télécommunications', '42.22Z'),
(343, 309, 'Construction d\'ouvrages maritimes et fluviaux', '42.91Z'),
(344, 310, 'Construction d\'autres ouvrages de génie civil n.c.a.', '42.99Z'),
(345, 311, 'Travaux de démolition', '43.11Z'),
(346, 312, 'Travaux de terrassement courants et travaux préparatoires', '43.12A'),
(347, 312, 'Travaux de terrassement spécialisés ou de grande masse', '43.12B'),
(348, 313, 'Forages et sondages', '43.13Z'),
(349, 314, 'Travaux d\'installation électrique dans tous locaux', '43.21A'),
(350, 314, 'Travaux d\'installation électrique sur la voie publique', '43.21B'),
(351, 315, 'Travaux d\'installation d\'eau et de gaz en tous locaux', '43.22A'),
(352, 315, 'Travaux d\'installation d\'équipements thermiques et de climatisation', '43.22B'),
(353, 316, 'Travaux d\'isolation', '43.29A'),
(354, 316, 'Autres travaux d\'installation n.c.a.', '43.29B'),
(355, 317, 'Travaux de plâtrerie', '43.31Z'),
(356, 318, 'Travaux de menuiserie bois et PVC', '43.32A'),
(357, 318, 'Travaux de menuiserie métallique et serrurerie', '43.32B'),
(358, 318, 'Agencement de lieux de vente', '43.32C'),
(359, 319, 'Travaux de revêtement des sols et des murs', '43.33Z'),
(360, 320, 'Travaux de peinture et vitrerie', '43.34Z'),
(361, 321, 'Autres travaux de finition', '43.39Z'),
(362, 322, 'Travaux de charpente', '43.91A'),
(363, 322, 'Travaux de couverture par éléments', '43.91B'),
(364, 323, 'Travaux d\'étanchéification', '43.99A'),
(365, 323, 'Travaux de montage de structures métalliques', '43.99B'),
(366, 323, 'Travaux de maçonnerie générale et gros œuvre de bâtiment', '43.99C'),
(367, 323, 'Autres travaux spécialisés de construction', '43.99D'),
(368, 323, 'Location avec opérateur de matériel de construction', '43.99E'),
(369, 324, 'Commerce de voitures et de véhicules automobiles légers', '45.11Z'),
(370, 325, 'Commerce d\'autres véhicules automobiles', '45.19Z'),
(371, 326, 'Entretien et réparation de véhicules automobiles légers', '45.20A'),
(372, 326, 'Entretien et réparation d\'autres véhicules automobiles', '45.20B'),
(373, 327, 'Commerce de gros d\'équipements automobiles', '45.31Z'),
(374, 328, 'Commerce de détail d\'équipements automobiles', '45.32Z'),
(375, 329, 'Commerce et réparation de motocycles', '45.40Z'),
(376, 330, 'Intermédiaires du commerce en matières premières agricoles, animaux vivants, matières premières textiles et produits semi-finis', '46.11Z'),
(377, 331, 'Centrales d\'achat de carburant', '46.12A'),
(378, 331, 'Autres intermédiaires du commerce en combustibles, métaux, minéraux et produits chimiques', '46.12B'),
(379, 332, 'Intermédiaires du commerce en bois et matériaux de construction', '46.13Z'),
(380, 333, 'Intermédiaires du commerce en machines, équipements industriels, navires et avions', '46.14Z'),
(381, 334, 'Intermédiaires du commerce en meubles, articles de ménage et quincaillerie', '46.15Z'),
(382, 335, 'Intermédiaires du commerce en textiles, habillement, fourrures, chaussures et articles en cuir', '46.16Z'),
(383, 336, 'Centrales d\'achat alimentaires', '46.17A'),
(384, 336, 'Autres intermédiaires du commerce en denrées, boissons et tabac', '46.17B'),
(385, 337, 'Intermédiaires spécialisés dans le commerce d\'autres produits spécifiques', '46.18Z'),
(386, 338, 'Centrales d\'achat non alimentaires', '46.19A'),
(387, 338, 'Autres intermédiaires du commerce en produits divers', '46.19B'),
(388, 339, 'Commerce de gros (commerce interentreprises) de céréales, de tabac non manufacturé, de semences et d\'aliments pour le bétail', '46.21Z'),
(389, 340, 'Commerce de gros (commerce interentreprises) de fleurs et plantes', '46.22Z'),
(390, 341, 'Commerce de gros (commerce interentreprises) d\'animaux vivants', '46.23Z'),
(391, 342, 'Commerce de gros (commerce interentreprises) de cuirs et peaux', '46.24Z'),
(392, 343, 'Commerce de gros (commerce interentreprises) de fruits et légumes', '46.31Z'),
(393, 344, 'Commerce de gros (commerce interentreprises) de viandes de boucherie', '46.32A'),
(394, 344, 'Commerce de gros (commerce interentreprises) de produits à base de viande', '46.32B'),
(395, 344, 'Commerce de gros (commerce interentreprises) de volailles et gibier', '46.32C'),
(396, 345, 'Commerce de gros (commerce interentreprises) de produits laitiers, œufs, huiles et matières grasses comestibles', '46.33Z'),
(397, 346, 'Commerce de gros (commerce interentreprises) de boissons', '46.34Z'),
(398, 347, 'Commerce de gros (commerce interentreprises) de produits à base de tabac', '46.35Z'),
(399, 348, 'Commerce de gros (commerce interentreprises) de sucre, chocolat et confiserie', '46.36Z'),
(400, 349, 'Commerce de gros (commerce interentreprises) de café, thé, cacao et épices', '46.37Z'),
(401, 350, 'Commerce de gros (commerce interentreprises) de poissons, crustacés et mollusques', '46.38A'),
(402, 350, 'Commerce de gros (commerce interentreprises) alimentaire spécialisé divers', '46.38B'),
(403, 351, 'Commerce de gros (commerce interentreprises) de produits surgelés', '46.39A'),
(404, 351, 'Commerce de gros (commerce interentreprises) alimentaire non spécialisé', '46.39B'),
(405, 352, 'Commerce de gros (commerce interentreprises) de textiles', '46.41Z'),
(406, 353, 'Commerce de gros (commerce interentreprises) d\'habillement et de chaussures', '46.42Z'),
(407, 354, 'Commerce de gros (commerce interentreprises) d\'appareils électroménagers', '46.43Z'),
(408, 355, 'Commerce de gros (commerce interentreprises) de vaisselle, verrerie et produits d\'entretien', '46.44Z'),
(409, 356, 'Commerce de gros (commerce interentreprises) de parfumerie et de produits de beauté', '46.45Z'),
(410, 357, 'Commerce de gros (commerce interentreprises) de produits pharmaceutiques', '46.46Z'),
(411, 358, 'Commerce de gros (commerce interentreprises) de meubles, de tapis et d\'appareils d\'éclairage', '46.47Z'),
(412, 359, 'Commerce de gros (commerce interentreprises) d\'articles d\'horlogerie et de bijouterie', '46.48Z'),
(413, 360, 'Commerce de gros (commerce interentreprises) d\'autres biens domestiques', '46.49Z'),
(414, 361, 'Commerce de gros (commerce interentreprises) d\'ordinateurs, d\'équipements informatiques périphériques et de logiciels', '46.51Z'),
(415, 362, 'Commerce de gros (commerce interentreprises) de composants et d\'équipements électroniques et de télécommunication', '46.52Z'),
(416, 363, 'Commerce de gros (commerce interentreprises) de matériel agricole', '46.61Z'),
(417, 364, 'Commerce de gros (commerce interentreprises) de machines-outils', '46.62Z'),
(418, 365, 'Commerce de gros (commerce interentreprises) de machines pour l\'extraction, la construction et le génie civil', '46.63Z'),
(419, 366, 'Commerce de gros (commerce interentreprises) de machines pour l\'industrie textile et l\'habillement', '46.64Z'),
(420, 367, 'Commerce de gros (commerce interentreprises) de mobilier de bureau', '46.65Z'),
(421, 368, 'Commerce de gros (commerce interentreprises) d\'autres machines et équipements de bureau', '46.66Z'),
(422, 369, 'Commerce de gros (commerce interentreprises) de matériel électrique', '46.69A'),
(423, 369, 'Commerce de gros (commerce interentreprises) de fournitures et équipements industriels divers', '46.69B'),
(424, 369, 'Commerce de gros (commerce interentreprises) de fournitures et équipements divers pour le commerce et les services', '46.69C'),
(425, 370, 'Commerce de gros (commerce interentreprises) de combustibles et de produits annexes', '46.71Z'),
(426, 371, 'Commerce de gros (commerce interentreprises) de minerais et métaux', '46.72Z'),
(427, 372, 'Commerce de gros (commerce interentreprises) de bois et de matériaux de construction', '46.73A'),
(428, 372, 'Commerce de gros (commerce interentreprises) d\'appareils sanitaires et de produits de décoration', '46.73B'),
(429, 373, 'Commerce de gros (commerce interentreprises) de quincaillerie', '46.74A'),
(430, 373, 'Commerce de gros (commerce interentreprises) de fournitures pour la plomberie et le chauffage', '46.74B'),
(431, 374, 'Commerce de gros (commerce interentreprises) de produits chimiques', '46.75Z'),
(432, 375, 'Commerce de gros (commerce interentreprises) d\'autres produits intermédiaires', '46.76Z'),
(433, 376, 'Commerce de gros (commerce interentreprises) de déchets et débris', '46.77Z'),
(434, 377, 'Commerce de gros (commerce interentreprises) non spécialisé', '46.90Z'),
(435, 378, 'Commerce de détail de produits surgelés', '47.11A'),
(436, 378, 'Commerce d\'alimentation générale', '47.11B'),
(437, 378, 'Supérettes', '47.11C'),
(438, 378, 'Supermarchés', '47.11D'),
(439, 378, 'Magasins multi-commerces', '47.11E'),
(440, 378, 'Hypermarchés', '47.11F'),
(441, 379, 'Grands magasins', '47.19A'),
(442, 379, 'Autres commerces de détail en magasin non spécialisé', '47.19B'),
(443, 380, 'Commerce de détail de fruits et légumes en magasin spécialisé', '47.21Z'),
(444, 381, 'Commerce de détail de viandes et de produits à base de viande en magasin spécialisé', '47.22Z'),
(445, 382, 'Commerce de détail de poissons, crustacés et mollusques en magasin spécialisé', '47.23Z'),
(446, 383, 'Commerce de détail de pain, pâtisserie et confiserie en magasin spécialisé', '47.24Z'),
(447, 384, 'Commerce de détail de boissons en magasin spécialisé', '47.25Z'),
(448, 385, 'Commerce de détail de produits à base de tabac en magasin spécialisé', '47.26Z'),
(449, 386, 'Autres commerces de détail alimentaires en magasin spécialisé', '47.29Z'),
(450, 387, 'Commerce de détail de carburants en magasin spécialisé', '47.30Z'),
(451, 388, 'Commerce de détail d\'ordinateurs, d\'unités périphériques et de logiciels en magasin spécialisé', '47.41Z'),
(452, 389, 'Commerce de détail de matériels de télécommunication en magasin spécialisé', '47.42Z'),
(453, 390, 'Commerce de détail de matériels audio et vidéo en magasin spécialisé', '47.43Z'),
(454, 391, 'Commerce de détail de textiles en magasin spécialisé', '47.51Z'),
(455, 392, 'Commerce de détail de quincaillerie, peintures et verres en petites surfaces (moins de 400 m²)', '47.52A'),
(456, 392, 'Commerce de détail de quincaillerie, peintures et verres en grandes surfaces (400 m² et plus)', '47.52B'),
(457, 393, 'Commerce de détail de tapis, moquettes et revêtements de murs et de sols en magasin spécialisé', '47.53Z'),
(458, 394, 'Commerce de détail d\'appareils électroménagers en magasin spécialisé', '47.54Z'),
(459, 395, 'Commerce de détail de meubles', '47.59A'),
(460, 395, 'Commerce de détail d\'autres équipements du foyer', '47.59B'),
(461, 396, 'Commerce de détail de livres en magasin spécialisé', '47.61Z'),
(462, 397, 'Commerce de détail de journaux et papeterie en magasin spécialisé', '47.62Z'),
(463, 398, 'Commerce de détail d\'enregistrements musicaux et vidéo en magasin spécialisé', '47.63Z'),
(464, 399, 'Commerce de détail d\'articles de sport en magasin spécialisé', '47.64Z'),
(465, 400, 'Commerce de détail de jeux et jouets en magasin spécialisé', '47.65Z'),
(466, 401, 'Commerce de détail d\'habillement en magasin spécialisé', '47.71Z'),
(467, 402, 'Commerce de détail de la chaussure', '47.72A'),
(468, 402, 'Commerce de détail de maroquinerie et d\'articles de voyage', '47.72B'),
(469, 403, 'Commerce de détail de produits pharmaceutiques en magasin spécialisé', '47.73Z'),
(470, 404, 'Commerce de détail d\'articles médicaux et orthopédiques en magasin spécialisé', '47.74Z'),
(471, 405, 'Commerce de détail de parfumerie et de produits de beauté en magasin spécialisé', '47.75Z'),
(472, 406, 'Commerce de détail de fleurs, plantes, graines, engrais, animaux de compagnie et aliments pour ces animaux en magasin spécialisé', '47.76Z'),
(473, 407, 'Commerce de détail d\'articles d\'horlogerie et de bijouterie en magasin spécialisé', '47.77Z'),
(474, 408, 'Commerces de détail d\'optique', '47.78A'),
(475, 408, 'Commerces de détail de charbons et combustibles', '47.78B'),
(476, 408, 'Autres commerces de détail spécialisés divers', '47.78C'),
(477, 409, 'Commerce de détail de biens d\'occasion en magasin', '47.79Z'),
(478, 410, 'Commerce de détail alimentaire sur éventaires et marchés', '47.81Z'),
(479, 411, 'Commerce de détail de textiles, d\'habillement et de chaussures sur éventaires et marchés', '47.82Z'),
(480, 412, 'Autres commerces de détail sur éventaires et marchés', '47.89Z'),
(481, 413, 'Vente à distance sur catalogue général', '47.91A'),
(482, 413, 'Vente à distance sur catalogue spécialisé', '47.91B'),
(483, 414, 'Vente à domicile', '47.99A'),
(484, 414, 'Vente par automates et autres commerces de détail hors magasin, éventaires ou marchés n.c.a.', '47.99B'),
(485, 415, 'Transport ferroviaire interurbain de voyageurs', '49.10Z'),
(486, 416, 'Transports ferroviaires de fret', '49.20Z'),
(487, 417, 'Transports urbains et suburbains de voyageurs', '49.31Z'),
(488, 418, 'Transports de voyageurs par taxis', '49.32Z'),
(489, 419, 'Transports routiers réguliers de voyageurs', '49.39A'),
(490, 419, 'Autres transports routiers de voyageurs', '49.39B'),
(491, 419, 'Téléphériques et remontées mécaniques', '49.39C'),
(492, 420, 'Transports routiers de fret interurbains', '49.41A'),
(493, 420, 'Transports routiers de fret de proximité', '49.41B'),
(494, 420, 'Location de camions avec chauffeur', '49.41C'),
(495, 421, 'Services de déménagement', '49.42Z'),
(496, 422, 'Transports par conduites', '49.50Z'),
(497, 423, 'Transports maritimes et côtiers de passagers', '50.10Z'),
(498, 424, 'Transports maritimes et côtiers de fret', '50.20Z'),
(499, 425, 'Transports fluviaux de passagers', '50.30Z'),
(500, 426, 'Transports fluviaux de fret', '50.40Z'),
(501, 427, 'Transports aériens de passagers', '51.10Z'),
(502, 428, 'Transports aériens de fret', '51.21Z'),
(503, 429, 'Transports spatiaux', '51.22Z'),
(504, 430, 'Entreposage et stockage frigorifique', '52.10A'),
(505, 430, 'Entreposage et stockage non frigorifique', '52.10B'),
(506, 431, 'Services auxiliaires des transports terrestres', '52.21Z'),
(507, 432, 'Services auxiliaires des transports par eau', '52.22Z'),
(508, 433, 'Services auxiliaires des transports aériens', '52.23Z'),
(509, 434, 'Manutention portuaire', '52.24A'),
(510, 434, 'Manutention non portuaire', '52.24B'),
(511, 435, 'Messagerie, fret express', '52.29A'),
(512, 435, 'Affrètement et organisation des transports', '52.29B'),
(513, 436, 'Activités de poste dans le cadre d\'une obligation de service universel', '53.10Z'),
(514, 437, 'Autres activités de poste et de courrier', '53.20Z'),
(515, 438, 'Hôtels et hébergement similaire', '55.10Z'),
(516, 439, 'Hébergement touristique et autre hébergement de courte durée', '55.20Z'),
(517, 440, 'Terrains de camping et parcs pour caravanes ou véhicules de loisirs', '55.30Z'),
(518, 441, 'Autres hébergements', '55.90Z'),
(519, 442, 'Restauration traditionnelle', '56.10A'),
(520, 442, 'Cafétérias et autres libres-services', '56.10B'),
(521, 442, 'Restauration de type rapide', '56.10C'),
(522, 443, 'Services des traiteurs', '56.21Z'),
(523, 444, 'Restauration collective sous contrat', '56.29A'),
(524, 444, 'Autres services de restauration n.c.a.', '56.29B'),
(525, 445, 'Débits de boissons', '56.30Z'),
(526, 446, 'Édition de livres', '58.11Z'),
(527, 447, 'Édition de répertoires et de fichiers d\'adresses', '58.12Z'),
(528, 448, 'Édition de journaux', '58.13Z'),
(529, 449, 'Édition de revues et périodiques', '58.14Z'),
(530, 450, 'Autres activités d\'édition', '58.19Z'),
(531, 451, 'Édition de jeux électroniques', '58.21Z'),
(532, 452, 'Édition de logiciels système et de réseau', '58.29A'),
(533, 452, 'Édition de logiciels outils de développement et de langages', '58.29B'),
(534, 452, 'Édition de logiciels applicatifs', '58.29C'),
(535, 453, 'Production de films et de programmes pour la télévision', '59.11A'),
(536, 453, 'Production de films institutionnels et publicitaires', '59.11B'),
(537, 453, 'Production de films pour le cinéma', '59.11C'),
(538, 454, 'Post-production de films cinématographiques, de vidéo et de programmes de télévision', '59.12Z'),
(539, 455, 'Distribution de films cinématographiques', '59.13A'),
(540, 455, 'Édition et distribution vidéo', '59.13B'),
(541, 456, 'Projection de films cinématographiques', '59.14Z'),
(542, 457, 'Enregistrement sonore et édition musicale', '59.20Z'),
(543, 458, 'Édition et diffusion de programmes radio', '60.10Z'),
(544, 459, 'Édition de chaînes généralistes', '60.20A'),
(545, 459, 'Édition de chaînes thématiques', '60.20B'),
(546, 460, 'Télécommunications filaires', '61.10Z'),
(547, 461, 'Télécommunications sans fil', '61.20Z'),
(548, 462, 'Télécommunications par satellite', '61.30Z'),
(549, 463, 'Autres activités de télécommunication', '61.90Z'),
(550, 464, 'Programmation informatique', '62.01Z'),
(551, 465, 'Conseil en systèmes et logiciels informatiques', '62.02A'),
(552, 465, 'Tierce maintenance de systèmes et d\'applications informatiques', '62.02B'),
(553, 466, 'Gestion d\'installations informatiques', '62.03Z'),
(554, 467, 'Autres activités informatiques', '62.09Z'),
(555, 468, 'Traitement de données, hébergement et activités connexes', '63.11Z'),
(556, 469, 'Portails Internet', '63.12Z'),
(557, 470, 'Activités des agences de presse', '63.91Z'),
(558, 471, 'Autres services d\'information n.c.a.', '63.99Z'),
(559, 472, 'Activités de banque centrale', '64.11Z'),
(560, 473, 'Autres intermédiations monétaires', '64.19Z'),
(561, 474, 'Activités des sociétés holding', '64.20Z'),
(562, 475, 'Fonds de placement et entités financières similaires', '64.30Z'),
(563, 476, 'Crédit-bail', '64.91Z'),
(564, 477, 'Autre distribution de crédit', '64.92Z'),
(565, 478, 'Autres activités des services financiers, hors assurance et caisses de retraite, n.c.a.', '64.99Z'),
(566, 479, 'Assurance vie', '65.11Z'),
(567, 480, 'Autres assurances', '65.12Z'),
(568, 481, 'Réassurance', '65.20Z'),
(569, 482, 'Caisses de retraite', '65.30Z'),
(570, 483, 'Administration de marchés financiers', '66.11Z'),
(571, 484, 'Courtage de valeurs mobilières et de marchandises', '66.12Z'),
(572, 485, 'Supports juridiques de gestion de patrimoine mobilier', '66.19A'),
(573, 485, 'Autres activités auxiliaires de services financiers, hors assurance et caisses de retraite, n.c.a.', '66.19B'),
(574, 486, 'Évaluation des risques et dommages', '66.21Z'),
(575, 487, 'Activités des agents et courtiers d\'assurances', '66.22Z'),
(576, 488, 'Autres activités auxiliaires d\'assurance et de caisses de retraite', '66.29Z'),
(577, 489, 'Gestion de fonds', '66.30Z'),
(578, 490, 'Activités des marchands de biens immobiliers', '68.10Z'),
(579, 491, 'Location de logements', '68.20A'),
(580, 491, 'Location de terrains et d\'autres biens immobiliers', '68.20B'),
(581, 492, 'Agences immobilières', '68.31Z'),
(582, 493, 'Administration d\'immeubles et autres biens immobiliers', '68.32A'),
(583, 493, 'Supports juridiques de gestion de patrimoine immobilier', '68.32B'),
(584, 494, 'Activités juridiques', '69.10Z'),
(585, 495, 'Activités comptables', '69.20Z'),
(586, 496, 'Activités des sièges sociaux', '70.10Z'),
(587, 497, 'Conseil en relations publiques et communication', '70.21Z'),
(588, 498, 'Conseil pour les affaires et autres conseils de gestion', '70.22Z'),
(589, 499, 'Activités d\'architecture', '71.11Z'),
(590, 500, 'Activité des géomètres', '71.12A'),
(591, 500, 'Ingénierie, études techniques', '71.12B'),
(592, 501, 'Contrôle technique automobile', '71.20A'),
(593, 501, 'Analyses, essais et inspections techniques', '71.20B'),
(594, 502, 'Recherche-développement en biotechnologie', '72.11Z'),
(595, 503, 'Recherche-développement en autres sciences physiques et naturelles', '72.19Z'),
(596, 504, 'Recherche-développement en sciences humaines et sociales', '72.20Z'),
(597, 505, 'Activités des agences de publicité', '73.11Z'),
(598, 506, 'Régie publicitaire de médias', '73.12Z'),
(599, 507, 'Études de marché et sondages', '73.20Z'),
(600, 508, 'Activités spécialisées de design', '74.10Z'),
(601, 509, 'Activités photographiques', '74.20Z'),
(602, 510, 'Traduction et interprétation', '74.30Z'),
(603, 511, 'Activité des économistes de la construction', '74.90A'),
(604, 511, 'Activités spécialisées, scientifiques et techniques diverses', '74.90B'),
(605, 512, 'Activités vétérinaires', '75.00Z'),
(606, 513, 'Location de courte durée de voitures et de véhicules automobiles légers', '77.11A'),
(607, 513, 'Location de longue durée de voitures et de véhicules automobiles légers', '77.11B'),
(608, 514, 'Location et location-bail de camions', '77.12Z'),
(609, 515, 'Location et location-bail d\'articles de loisirs et de sport', '77.21Z'),
(610, 516, 'Location de vidéocassettes et disques vidéo', '77.22Z'),
(611, 517, 'Location et location-bail d\'autres biens personnels et domestiques', '77.29Z'),
(612, 518, 'Location et location-bail de machines et équipements agricoles', '77.31Z'),
(613, 519, 'Location et location-bail de machines et équipements pour la construction', '77.32Z'),
(614, 520, 'Location et location-bail de machines de bureau et de matériel informatique', '77.33Z'),
(615, 521, 'Location et location-bail de matériels de transport par eau', '77.34Z'),
(616, 522, 'Location et location-bail de matériels de transport aérien', '77.35Z'),
(617, 523, 'Location et location-bail d\'autres machines, équipements et biens matériels n.c.a.', '77.39Z'),
(618, 524, 'Location-bail de propriété intellectuelle et de produits similaires, à l\'exception des œuvres soumises à copyright', '77.40Z'),
(619, 525, 'Activités des agences de placement de main-d\'œuvre', '78.10Z'),
(620, 526, 'Activités des agences de travail temporaire', '78.20Z'),
(621, 527, 'Autre mise à disposition de ressources humaines', '78.30Z'),
(622, 528, 'Activités des agences de voyage', '79.11Z'),
(623, 529, 'Activités des voyagistes', '79.12Z'),
(624, 530, 'Autres services de réservation et activités connexes', '79.90Z'),
(625, 531, 'Activités de sécurité privée', '80.10Z'),
(626, 532, 'Activités liées aux systèmes de sécurité', '80.20Z'),
(627, 533, 'Activités d\'enquête', '80.30Z'),
(628, 534, 'Activités combinées de soutien lié aux bâtiments', '81.10Z'),
(629, 535, 'Nettoyage courant des bâtiments', '81.21Z'),
(630, 536, 'Autres activités de nettoyage des bâtiments et nettoyage industriel', '81.22Z'),
(631, 537, 'Désinfection, désinsectisation, dératisation', '81.29A'),
(632, 537, 'Autres activités de nettoyage n.c.a.', '81.29B'),
(633, 538, 'Services d\'aménagement paysager', '81.30Z'),
(634, 539, 'Services administratifs combinés de bureau', '82.11Z'),
(635, 540, 'Photocopie, préparation de documents et autres activités spécialisées de soutien de bureau', '82.19Z'),
(636, 541, 'Activités de centres d\'appels', '82.20Z'),
(637, 542, 'Organisation de foires, salons professionnels et congrès', '82.30Z'),
(638, 543, 'Activités des agences de recouvrement de factures et des sociétés d\'information financière sur la clientèle', '82.91Z'),
(639, 544, 'Activités de conditionnement', '82.92Z'),
(640, 545, 'Autres activités de soutien aux entreprises n.c.a.', '82.99Z'),
(641, 546, 'Administration publique générale', '84.11Z'),
(642, 547, 'Administration publique (tutelle) de la santé, de la formation, de la culture et des services sociaux, autre que sécurité sociale', '84.12Z'),
(643, 548, 'Administration publique (tutelle) des activités économiques', '84.13Z'),
(644, 549, 'Affaires étrangères', '84.21Z'),
(645, 550, 'Défense', '84.22Z'),
(646, 551, 'Justice', '84.23Z'),
(647, 552, 'Activités d\'ordre public et de sécurité', '84.24Z'),
(648, 553, 'Services du feu et de secours', '84.25Z'),
(649, 554, 'Activités générales de sécurité sociale', '84.30A'),
(650, 554, 'Gestion des retraites complémentaires', '84.30B'),
(651, 554, 'Distribution sociale de revenus', '84.30C'),
(652, 555, 'Enseignement pré-primaire', '85.10Z'),
(653, 556, 'Enseignement primaire', '85.20Z'),
(654, 557, 'Enseignement secondaire général', '85.31Z'),
(655, 558, 'Enseignement secondaire technique ou professionnel', '85.32Z'),
(656, 559, 'Enseignement post-secondaire non supérieur', '85.41Z'),
(657, 560, 'Enseignement supérieur', '85.42Z'),
(658, 561, 'Enseignement de disciplines sportives et d\'activités de loisirs', '85.51Z'),
(659, 562, 'Enseignement culturel', '85.52Z'),
(660, 563, 'Enseignement de la conduite', '85.53Z'),
(661, 564, 'Formation continue d\'adultes', '85.59A'),
(662, 564, 'Autres enseignements', '85.59B'),
(663, 565, 'Activités de soutien à l\'enseignement', '85.60Z'),
(664, 566, 'Activités hospitalières', '86.10Z'),
(665, 567, 'Activité des médecins généralistes', '86.21Z'),
(666, 568, 'Activités de radiodiagnostic et de radiothérapie', '86.22A'),
(667, 568, 'Activités chirurgicales', '86.22B'),
(668, 568, 'Autres activités des médecins spécialistes', '86.22C'),
(669, 569, 'Pratique dentaire', '86.23Z'),
(670, 570, 'Ambulances', '86.90A'),
(671, 570, 'Laboratoires d\'analyses médicales', '86.90B'),
(672, 570, 'Centres de collecte et banques d\'organes', '86.90C'),
(673, 570, 'Activités des infirmiers et des sages-femmes', '86.90D'),
(674, 570, 'Activités des professionnels de la rééducation, de l\'appareillage et des pédicures-podologues', '86.90E'),
(675, 570, 'Activités de santé humaine non classées ailleurs', '86.90F'),
(676, 571, 'Hébergement médicalisé pour personnes âgées', '87.10A'),
(677, 571, 'Hébergement médicalisé pour enfants handicapés', '87.10B'),
(678, 571, 'Hébergement médicalisé pour adultes handicapés et autre hébergement médicalisé', '87.10C'),
(679, 572, 'Hébergement social pour handicapés mentaux et malades mentaux', '87.20A'),
(680, 572, 'Hébergement social pour toxicomanes', '87.20B'),
(681, 573, 'Hébergement social pour personnes âgées', '87.30A'),
(682, 573, 'Hébergement social pour handicapés physiques', '87.30B'),
(683, 574, 'Hébergement social pour enfants en difficultés', '87.90A'),
(684, 574, 'Hébergement social pour adultes et familles en difficultés et autre hébergement social', '87.90B'),
(685, 575, 'Aide à domicile', '88.10A'),
(686, 575, 'Accueil ou accompagnement sans hébergement d\'adultes handicapés ou de personnes âgées', '88.10B'),
(687, 575, 'Aide par le travail', '88.10C'),
(688, 576, 'Accueil de jeunes enfants', '88.91A'),
(689, 576, 'Accueil ou accompagnement sans hébergement d\'enfants handicapés', '88.91B'),
(690, 577, 'Autre accueil ou accompagnement sans hébergement d\'enfants et d\'adolescents', '88.99A'),
(691, 577, 'Action sociale sans hébergement n.c.a.', '88.99B'),
(692, 578, 'Arts du spectacle vivant', '90.01Z'),
(693, 579, 'Activités de soutien au spectacle vivant', '90.02Z'),
(694, 580, 'Création artistique relevant des arts plastiques', '90.03A'),
(695, 580, 'Autre création artistique', '90.03B'),
(696, 581, 'Gestion de salles de spectacles', '90.04Z'),
(697, 582, 'Gestion des bibliothèques et des archives', '91.01Z'),
(698, 583, 'Gestion des musées', '91.02Z'),
(699, 584, 'Gestion des sites et monuments historiques et des attractions touristiques similaires', '91.03Z'),
(700, 585, 'Gestion des jardins botaniques et zoologiques et des réserves naturelles', '91.04Z'),
(701, 586, 'Organisation de jeux de hasard et d\'argent', '92.00Z'),
(702, 587, 'Gestion d\'installations sportives', '93.11Z'),
(703, 588, 'Activités de clubs de sports', '93.12Z'),
(704, 589, 'Activités des centres de culture physique', '93.13Z'),
(705, 590, 'Autres activités liées au sport', '93.19Z'),
(706, 591, 'Activités des parcs d\'attractions et parcs à thèmes', '93.21Z'),
(707, 592, 'Autres activités récréatives et de loisirs', '93.29Z'),
(708, 593, 'Activités des organisations patronales et consulaires', '94.11Z'),
(709, 594, 'Activités des organisations professionnelles', '94.12Z'),
(710, 595, 'Activités des syndicats de salariés', '94.20Z'),
(711, 596, 'Activités des organisations religieuses', '94.91Z'),
(712, 597, 'Activités des organisations politiques', '94.92Z'),
(713, 598, 'Autres organisations fonctionnant par adhésion volontaire', '94.99Z'),
(714, 599, 'Réparation d\'ordinateurs et d\'équipements périphériques', '95.11Z'),
(715, 600, 'Réparation d\'équipements de communication', '95.12Z'),
(716, 601, 'Réparation de produits électroniques grand public', '95.21Z'),
(717, 602, 'Réparation d\'appareils électroménagers et d\'équipements pour la maison et le jardin', '95.22Z'),
(718, 603, 'Réparation de chaussures et d\'articles en cuir', '95.23Z');
INSERT INTO `naf_sous_classes` (`id`, `naf_classe_id`, `libelle`, `code`) VALUES
(719, 604, 'Réparation de meubles et d\'équipements du foyer', '95.24Z'),
(720, 605, 'Réparation d\'articles d\'horlogerie et de bijouterie', '95.25Z'),
(721, 606, 'Réparation d\'autres biens personnels et domestiques', '95.29Z'),
(722, 607, 'Blanchisserie-teinturerie de gros', '96.01A'),
(723, 607, 'Blanchisserie-teinturerie de détail', '96.01B'),
(724, 608, 'Coiffure', '96.02A'),
(725, 608, 'Soins de beauté', '96.02B'),
(726, 609, 'Services funéraires', '96.03Z'),
(727, 610, 'Entretien corporel', '96.04Z'),
(728, 611, 'Autres services personnels n.c.a.', '96.09Z'),
(729, 612, 'Activités des ménages en tant qu\'employeurs de personnel domestique', '97.00Z'),
(730, 613, 'Activités indifférenciées des ménages en tant que producteurs de biens pour usage propre', '98.10Z'),
(731, 614, 'Activités indifférenciées des ménages en tant que producteurs de services pour usage propre', '98.20Z'),
(732, 615, 'Activités des organisations et organismes extraterritoriaux', '99.00Z');
COMMIT;

/*!40101 SET CHARACTER_SET_CLIENT=@OLD_CHARACTER_SET_CLIENT */;
/*!40101 SET CHARACTER_SET_RESULTS=@OLD_CHARACTER_SET_RESULTS */;
/*!40101 SET COLLATION_CONNECTION=@OLD_COLLATION_CONNECTION */;
